Your branch is up to date with 'origin/master'.
On branch master
Your branch is up to date with 'origin/master'.

Untracked files:
  (use "git add <file>..." to include in what will be committed)
	.local.git.out

nothing added to commit but untracked files present (use "git add" to track)
Your branch is up to date with 'origin/master'.
On branch master
Your branch is up to date with 'origin/master'.

Untracked files:
  (use "git add <file>..." to include in what will be committed)
	.local.git.out

nothing added to commit but untracked files present (use "git add" to track)
Your branch is up to date with 'origin/master'.
On branch master
Your branch is up to date with 'origin/master'.

Untracked files:
  (use "git add <file>..." to include in what will be committed)
	.local.git.out
	examples/composite_ex
	examples/constructor_ex
	tests/test_all_lists
	tests/test_coalesce_chunk_coalesce
	tests/test_coalesce_chunk_insert
	tests/test_corrupted_canary
	tests/test_double_free
	tests/test_exact
	tests/test_free_both
	tests/test_free_even
	tests/test_free_insert
	tests/test_free_left
	tests/test_free_null
	tests/test_free_odd
	tests/test_free_right
	tests/test_insert_chunk
	tests/test_large
	tests/test_locks
	tests/test_malloc_large
	tests/test_malloc_too_large
	tests/test_malloc_zero
	tests/test_multi_malloc
	tests/test_out_of_ram
	tests/test_random
	tests/test_random_sizes
	tests/test_simple0
	tests/test_simple1
	tests/test_simple2
	tests/test_simple3
	tests/test_simple4
	tests/test_simple5
	tests/test_simple6
	tests/test_split
	tests/test_verify
	tests/test_very_large

nothing added to commit but untracked files present (use "git add" to track)
Your branch is up to date with 'origin/master'.
On branch master
Your branch is up to date with 'origin/master'.

Untracked files:
  (use "git add <file>..." to include in what will be committed)
	.local.git.out
	examples/composite_ex
	examples/constructor_ex
	tests/test_all_lists
	tests/test_coalesce_chunk_coalesce
	tests/test_coalesce_chunk_insert
	tests/test_corrupted_canary
	tests/test_double_free
	tests/test_exact
	tests/test_free_both
	tests/test_free_even
	tests/test_free_insert
	tests/test_free_left
	tests/test_free_null
	tests/test_free_odd
	tests/test_free_right
	tests/test_insert_chunk
	tests/test_large
	tests/test_locks
	tests/test_malloc_large
	tests/test_malloc_too_large
	tests/test_malloc_zero
	tests/test_multi_malloc
	tests/test_out_of_ram
	tests/test_random
	tests/test_random_sizes
	tests/test_simple0
	tests/test_simple1
	tests/test_simple2
	tests/test_simple3
	tests/test_simple4
	tests/test_simple5
	tests/test_simple6
	tests/test_split
	tests/test_verify
	tests/test_very_large

nothing added to commit but untracked files present (use "git add" to track)
Your branch is up to date with 'origin/master'.
On branch master
Your branch is up to date with 'origin/master'.

Untracked files:
  (use "git add <file>..." to include in what will be committed)
	.local.git.out
	examples/composite_ex
	examples/constructor_ex
	tests/test_all_lists
	tests/test_coalesce_chunk_coalesce
	tests/test_coalesce_chunk_insert
	tests/test_corrupted_canary
	tests/test_double_free
	tests/test_exact
	tests/test_free_both
	tests/test_free_even
	tests/test_free_insert
	tests/test_free_left
	tests/test_free_null
	tests/test_free_odd
	tests/test_free_right
	tests/test_insert_chunk
	tests/test_large
	tests/test_locks
	tests/test_malloc_large
	tests/test_malloc_too_large
	tests/test_malloc_zero
	tests/test_multi_malloc
	tests/test_out_of_ram
	tests/test_random
	tests/test_random_sizes
	tests/test_simple0
	tests/test_simple1
	tests/test_simple2
	tests/test_simple3
	tests/test_simple4
	tests/test_simple5
	tests/test_simple6
	tests/test_split
	tests/test_verify
	tests/test_very_large

nothing added to commit but untracked files present (use "git add" to track)
Your branch is up to date with 'origin/master'.
On branch master
Your branch is up to date with 'origin/master'.

Untracked files:
  (use "git add <file>..." to include in what will be committed)
	.local.git.out
	examples/composite_ex
	examples/constructor_ex
	tests/test_all_lists
	tests/test_coalesce_chunk_coalesce
	tests/test_coalesce_chunk_insert
	tests/test_corrupted_canary
	tests/test_double_free
	tests/test_exact
	tests/test_free_both
	tests/test_free_even
	tests/test_free_insert
	tests/test_free_left
	tests/test_free_null
	tests/test_free_odd
	tests/test_free_right
	tests/test_insert_chunk
	tests/test_large
	tests/test_locks
	tests/test_malloc_large
	tests/test_malloc_too_large
	tests/test_malloc_zero
	tests/test_multi_malloc
	tests/test_out_of_ram
	tests/test_random
	tests/test_random_sizes
	tests/test_simple0
	tests/test_simple1
	tests/test_simple2
	tests/test_simple3
	tests/test_simple4
	tests/test_simple5
	tests/test_simple6
	tests/test_split
	tests/test_verify
	tests/test_very_large

nothing added to commit but untracked files present (use "git add" to track)
M	tests/Makefile
Your branch is up to date with 'origin/master'.
[master 7787fcb] Commit
 Committer: Tru Trong Bui Jr <bui46@data.cs.purdue.edu>
Your name and email address were configured automatically based
on your username and hostname. Please check that they are accurate.
You can suppress this message by setting them explicitly. Run the
following command and follow the instructions in your editor to edit
your configuration file:

    git config --global --edit

After doing this, you may fix the identity used for this commit with:

    git commit --amend --reset-author

 1 file changed, 1 insertion(+), 1 deletion(-)
Your branch is up to date with 'origin/master'.
On branch master
Your branch is up to date with 'origin/master'.

Untracked files:
  (use "git add <file>..." to include in what will be committed)
	.local.git.out
	examples/composite_ex
	examples/constructor_ex
	tests/test_all_lists
	tests/test_coalesce_chunk_coalesce
	tests/test_coalesce_chunk_insert
	tests/test_corrupted_canary
	tests/test_double_free
	tests/test_exact
	tests/test_free_both
	tests/test_free_even
	tests/test_free_insert
	tests/test_free_left
	tests/test_free_null
	tests/test_free_odd
	tests/test_free_right
	tests/test_insert_chunk
	tests/test_large
	tests/test_locks
	tests/test_malloc_large
	tests/test_malloc_too_large
	tests/test_malloc_zero
	tests/test_multi_malloc
	tests/test_out_of_ram
	tests/test_random
	tests/test_random_sizes
	tests/test_simple0
	tests/test_simple1
	tests/test_simple2
	tests/test_simple3
	tests/test_simple4
	tests/test_simple5
	tests/test_simple6
	tests/test_split
	tests/test_verify
	tests/test_very_large

nothing added to commit but untracked files present (use "git add" to track)
Your branch is up to date with 'origin/master'.
On branch master
Your branch is up to date with 'origin/master'.

Untracked files:
  (use "git add <file>..." to include in what will be committed)
	.local.git.out
	examples/composite_ex
	examples/constructor_ex
	tests/test_all_lists
	tests/test_coalesce_chunk_coalesce
	tests/test_coalesce_chunk_insert
	tests/test_corrupted_canary
	tests/test_double_free
	tests/test_exact
	tests/test_free_both
	tests/test_free_even
	tests/test_free_insert
	tests/test_free_left
	tests/test_free_null
	tests/test_free_odd
	tests/test_free_right
	tests/test_insert_chunk
	tests/test_large
	tests/test_locks
	tests/test_malloc_large
	tests/test_malloc_too_large
	tests/test_malloc_zero
	tests/test_multi_malloc
	tests/test_out_of_ram
	tests/test_random
	tests/test_random_sizes
	tests/test_simple0
	tests/test_simple1
	tests/test_simple2
	tests/test_simple3
	tests/test_simple4
	tests/test_simple5
	tests/test_simple6
	tests/test_split
	tests/test_verify
	tests/test_very_large

nothing added to commit but untracked files present (use "git add" to track)
Your branch is up to date with 'origin/master'.
On branch master
Your branch is up to date with 'origin/master'.

Untracked files:
  (use "git add <file>..." to include in what will be committed)
	.local.git.out
	examples/composite_ex
	examples/constructor_ex
	tests/test_all_lists
	tests/test_coalesce_chunk_coalesce
	tests/test_coalesce_chunk_insert
	tests/test_corrupted_canary
	tests/test_double_free
	tests/test_exact
	tests/test_free_both
	tests/test_free_even
	tests/test_free_insert
	tests/test_free_left
	tests/test_free_null
	tests/test_free_odd
	tests/test_free_right
	tests/test_insert_chunk
	tests/test_large
	tests/test_locks
	tests/test_malloc_large
	tests/test_malloc_too_large
	tests/test_malloc_zero
	tests/test_multi_malloc
	tests/test_out_of_ram
	tests/test_random
	tests/test_random_sizes
	tests/test_simple0
	tests/test_simple1
	tests/test_simple2
	tests/test_simple3
	tests/test_simple4
	tests/test_simple5
	tests/test_simple6
	tests/test_split
	tests/test_verify
	tests/test_very_large

nothing added to commit but untracked files present (use "git add" to track)
Your branch is up to date with 'origin/master'.
On branch master
Your branch is up to date with 'origin/master'.

Untracked files:
  (use "git add <file>..." to include in what will be committed)
	.local.git.out
	examples/composite_ex
	examples/constructor_ex
	tests/test_all_lists
	tests/test_coalesce_chunk_coalesce
	tests/test_coalesce_chunk_insert
	tests/test_corrupted_canary
	tests/test_double_free
	tests/test_exact
	tests/test_free_both
	tests/test_free_even
	tests/test_free_insert
	tests/test_free_left
	tests/test_free_null
	tests/test_free_odd
	tests/test_free_right
	tests/test_insert_chunk
	tests/test_large
	tests/test_locks
	tests/test_malloc_large
	tests/test_malloc_too_large
	tests/test_malloc_zero
	tests/test_multi_malloc
	tests/test_out_of_ram
	tests/test_random
	tests/test_random_sizes
	tests/test_simple0
	tests/test_simple1
	tests/test_simple2
	tests/test_simple3
	tests/test_simple4
	tests/test_simple5
	tests/test_simple6
	tests/test_split
	tests/test_verify
	tests/test_very_large

nothing added to commit but untracked files present (use "git add" to track)
Your branch is up to date with 'origin/master'.
On branch master
Your branch is up to date with 'origin/master'.

Untracked files:
  (use "git add <file>..." to include in what will be committed)
	.local.git.out
	examples/composite_ex
	examples/constructor_ex
	tests/test_all_lists
	tests/test_coalesce_chunk_coalesce
	tests/test_coalesce_chunk_insert
	tests/test_corrupted_canary
	tests/test_double_free
	tests/test_exact
	tests/test_free_both
	tests/test_free_even
	tests/test_free_insert
	tests/test_free_left
	tests/test_free_null
	tests/test_free_odd
	tests/test_free_right
	tests/test_insert_chunk
	tests/test_large
	tests/test_locks
	tests/test_malloc_large
	tests/test_malloc_too_large
	tests/test_malloc_zero
	tests/test_multi_malloc
	tests/test_out_of_ram
	tests/test_random
	tests/test_random_sizes
	tests/test_simple0
	tests/test_simple1
	tests/test_simple2
	tests/test_simple3
	tests/test_simple4
	tests/test_simple5
	tests/test_simple6
	tests/test_split
	tests/test_verify
	tests/test_very_large

nothing added to commit but untracked files present (use "git add" to track)
Your branch is up to date with 'origin/master'.
On branch master
Your branch is up to date with 'origin/master'.

Untracked files:
  (use "git add <file>..." to include in what will be committed)
	.local.git.out
	examples/composite_ex
	examples/constructor_ex
	tests/test_all_lists
	tests/test_coalesce_chunk_coalesce
	tests/test_coalesce_chunk_insert
	tests/test_corrupted_canary
	tests/test_double_free
	tests/test_exact
	tests/test_free_both
	tests/test_free_even
	tests/test_free_insert
	tests/test_free_left
	tests/test_free_null
	tests/test_free_odd
	tests/test_free_right
	tests/test_insert_chunk
	tests/test_large
	tests/test_locks
	tests/test_malloc_large
	tests/test_malloc_too_large
	tests/test_malloc_zero
	tests/test_multi_malloc
	tests/test_out_of_ram
	tests/test_random
	tests/test_random_sizes
	tests/test_simple0
	tests/test_simple1
	tests/test_simple2
	tests/test_simple3
	tests/test_simple4
	tests/test_simple5
	tests/test_simple6
	tests/test_split
	tests/test_verify
	tests/test_very_large

nothing added to commit but untracked files present (use "git add" to track)
Your branch is up to date with 'origin/master'.
On branch master
Your branch is up to date with 'origin/master'.

Untracked files:
  (use "git add <file>..." to include in what will be committed)
	.local.git.out
	examples/composite_ex
	examples/constructor_ex
	tests/test_all_lists
	tests/test_coalesce_chunk_coalesce
	tests/test_coalesce_chunk_insert
	tests/test_corrupted_canary
	tests/test_double_free
	tests/test_exact
	tests/test_free_both
	tests/test_free_even
	tests/test_free_insert
	tests/test_free_left
	tests/test_free_null
	tests/test_free_odd
	tests/test_free_right
	tests/test_insert_chunk
	tests/test_large
	tests/test_locks
	tests/test_malloc_large
	tests/test_malloc_too_large
	tests/test_malloc_zero
	tests/test_multi_malloc
	tests/test_out_of_ram
	tests/test_random
	tests/test_random_sizes
	tests/test_simple1
	tests/test_simple2
	tests/test_simple3
	tests/test_simple4
	tests/test_simple5
	tests/test_simple6
	tests/test_split
	tests/test_verify
	tests/test_very_large

nothing added to commit but untracked files present (use "git add" to track)
Your branch is up to date with 'origin/master'.
On branch master
Your branch is up to date with 'origin/master'.

Untracked files:
  (use "git add <file>..." to include in what will be committed)
	.local.git.out
	examples/composite_ex
	examples/constructor_ex
	tests/test_all_lists
	tests/test_coalesce_chunk_coalesce
	tests/test_coalesce_chunk_insert
	tests/test_corrupted_canary
	tests/test_double_free
	tests/test_exact
	tests/test_free_both
	tests/test_free_even
	tests/test_free_insert
	tests/test_free_left
	tests/test_free_null
	tests/test_free_odd
	tests/test_free_right
	tests/test_insert_chunk
	tests/test_large
	tests/test_locks
	tests/test_malloc_large
	tests/test_malloc_too_large
	tests/test_malloc_zero
	tests/test_multi_malloc
	tests/test_out_of_ram
	tests/test_random
	tests/test_random_sizes
	tests/test_simple0
	tests/test_simple2
	tests/test_simple3
	tests/test_simple4
	tests/test_simple5
	tests/test_simple6
	tests/test_split
	tests/test_verify
	tests/test_very_large

nothing added to commit but untracked files present (use "git add" to track)
M	myMalloc.c
Your branch is up to date with 'origin/master'.
[master 3d2252b] Commit
 Committer: Tru Trong Bui Jr <bui46@data.cs.purdue.edu>
Your name and email address were configured automatically based
on your username and hostname. Please check that they are accurate.
You can suppress this message by setting them explicitly. Run the
following command and follow the instructions in your editor to edit
your configuration file:

    git config --global --edit

After doing this, you may fix the identity used for this commit with:

    git commit --amend --reset-author

 1 file changed, 11 insertions(+)
M	myMalloc.c
Your branch is up to date with 'origin/master'.
[master 62236cc] Commit
 Committer: Tru Trong Bui Jr <bui46@data.cs.purdue.edu>
Your name and email address were configured automatically based
on your username and hostname. Please check that they are accurate.
You can suppress this message by setting them explicitly. Run the
following command and follow the instructions in your editor to edit
your configuration file:

    git config --global --edit

After doing this, you may fix the identity used for this commit with:

    git commit --amend --reset-author

 1 file changed, 1 insertion(+)
M	myMalloc.c
Your branch is up to date with 'origin/master'.
[master d85aa7a] Commit
 Committer: Tru Trong Bui Jr <bui46@data.cs.purdue.edu>
Your name and email address were configured automatically based
on your username and hostname. Please check that they are accurate.
You can suppress this message by setting them explicitly. Run the
following command and follow the instructions in your editor to edit
your configuration file:

    git config --global --edit

After doing this, you may fix the identity used for this commit with:

    git commit --amend --reset-author

 1 file changed, 54 insertions(+), 9 deletions(-)
Your branch is up to date with 'origin/master'.
On branch master
Your branch is up to date with 'origin/master'.

Untracked files:
  (use "git add <file>..." to include in what will be committed)
	.local.git.out
	.nfs0000000001b780c4000024ce
	.nfs0000000001b7ee4f000024cf
	examples/composite_ex
	examples/constructor_ex
	tests/test_all_lists
	tests/test_coalesce_chunk_coalesce
	tests/test_coalesce_chunk_insert
	tests/test_corrupted_canary
	tests/test_double_free
	tests/test_exact
	tests/test_free_both
	tests/test_free_even
	tests/test_free_insert
	tests/test_free_left
	tests/test_free_null
	tests/test_free_odd
	tests/test_free_right
	tests/test_insert_chunk
	tests/test_large
	tests/test_locks
	tests/test_malloc_large
	tests/test_malloc_too_large
	tests/test_malloc_zero
	tests/test_multi_malloc
	tests/test_out_of_ram
	tests/test_random
	tests/test_random_sizes
	tests/test_simple0
	tests/test_simple1
	tests/test_simple2
	tests/test_simple3
	tests/test_simple4
	tests/test_simple5
	tests/test_simple6
	tests/test_split
	tests/test_verify
	tests/test_very_large

nothing added to commit but untracked files present (use "git add" to track)
M	myMalloc.c
Your branch is up to date with 'origin/master'.
[master 6747b4a] Commit
 Committer: Tru Trong Bui Jr <bui46@data.cs.purdue.edu>
Your name and email address were configured automatically based
on your username and hostname. Please check that they are accurate.
You can suppress this message by setting them explicitly. Run the
following command and follow the instructions in your editor to edit
your configuration file:

    git config --global --edit

After doing this, you may fix the identity used for this commit with:

    git commit --amend --reset-author

 1 file changed, 2 insertions(+), 2 deletions(-)
M	myMalloc.c
Your branch is up to date with 'origin/master'.
[master 3fbbe52] Commit
 Committer: Tru Trong Bui Jr <bui46@data.cs.purdue.edu>
Your name and email address were configured automatically based
on your username and hostname. Please check that they are accurate.
You can suppress this message by setting them explicitly. Run the
following command and follow the instructions in your editor to edit
your configuration file:

    git config --global --edit

After doing this, you may fix the identity used for this commit with:

    git commit --amend --reset-author

 1 file changed, 1 insertion(+), 1 deletion(-)
M	myMalloc.c
Your branch is up to date with 'origin/master'.
[master 9c9fe66] Commit
 Committer: Tru Trong Bui Jr <bui46@data.cs.purdue.edu>
Your name and email address were configured automatically based
on your username and hostname. Please check that they are accurate.
You can suppress this message by setting them explicitly. Run the
following command and follow the instructions in your editor to edit
your configuration file:

    git config --global --edit

After doing this, you may fix the identity used for this commit with:

    git commit --amend --reset-author

 1 file changed, 6 insertions(+), 6 deletions(-)
M	myMalloc.c
Your branch is up to date with 'origin/master'.
[master d01349b] Commit
 Committer: Tru Trong Bui Jr <bui46@data.cs.purdue.edu>
Your name and email address were configured automatically based
on your username and hostname. Please check that they are accurate.
You can suppress this message by setting them explicitly. Run the
following command and follow the instructions in your editor to edit
your configuration file:

    git config --global --edit

After doing this, you may fix the identity used for this commit with:

    git commit --amend --reset-author

 1 file changed, 2 insertions(+), 1 deletion(-)
M	myMalloc.c
Your branch is up to date with 'origin/master'.
[master 97fc40d] Commit
 Committer: Tru Trong Bui Jr <bui46@data.cs.purdue.edu>
Your name and email address were configured automatically based
on your username and hostname. Please check that they are accurate.
You can suppress this message by setting them explicitly. Run the
following command and follow the instructions in your editor to edit
your configuration file:

    git config --global --edit

After doing this, you may fix the identity used for this commit with:

    git commit --amend --reset-author

 1 file changed, 7 insertions(+), 4 deletions(-)
M	myMalloc.c
Your branch is up to date with 'origin/master'.
[master 0cc7e0c] Commit
 Committer: Tru Trong Bui Jr <bui46@data.cs.purdue.edu>
Your name and email address were configured automatically based
on your username and hostname. Please check that they are accurate.
You can suppress this message by setting them explicitly. Run the
following command and follow the instructions in your editor to edit
your configuration file:

    git config --global --edit

After doing this, you may fix the identity used for this commit with:

    git commit --amend --reset-author

 1 file changed, 4 insertions(+)
M	myMalloc.c
Your branch is up to date with 'origin/master'.
[master b813b5b] Commit
 Committer: Tru Trong Bui Jr <bui46@data.cs.purdue.edu>
Your name and email address were configured automatically based
on your username and hostname. Please check that they are accurate.
You can suppress this message by setting them explicitly. Run the
following command and follow the instructions in your editor to edit
your configuration file:

    git config --global --edit

After doing this, you may fix the identity used for this commit with:

    git commit --amend --reset-author

 1 file changed, 1 insertion(+)
M	myMalloc.c
Your branch is up to date with 'origin/master'.
[master 60a82ef] Commit
 Committer: Tru Trong Bui Jr <bui46@data.cs.purdue.edu>
Your name and email address were configured automatically based
on your username and hostname. Please check that they are accurate.
You can suppress this message by setting them explicitly. Run the
following command and follow the instructions in your editor to edit
your configuration file:

    git config --global --edit

After doing this, you may fix the identity used for this commit with:

    git commit --amend --reset-author

 1 file changed, 11 insertions(+), 4 deletions(-)
M	myMalloc.c
Your branch is up to date with 'origin/master'.
[master d2fa834] Commit
 Committer: Tru Trong Bui Jr <bui46@data.cs.purdue.edu>
Your name and email address were configured automatically based
on your username and hostname. Please check that they are accurate.
You can suppress this message by setting them explicitly. Run the
following command and follow the instructions in your editor to edit
your configuration file:

    git config --global --edit

After doing this, you may fix the identity used for this commit with:

    git commit --amend --reset-author

 1 file changed, 2 insertions(+), 1 deletion(-)
M	myMalloc.c
Your branch is up to date with 'origin/master'.
[master 01e63e7] Commit
 Committer: Tru Trong Bui Jr <bui46@data.cs.purdue.edu>
Your name and email address were configured automatically based
on your username and hostname. Please check that they are accurate.
You can suppress this message by setting them explicitly. Run the
following command and follow the instructions in your editor to edit
your configuration file:

    git config --global --edit

After doing this, you may fix the identity used for this commit with:

    git commit --amend --reset-author

 1 file changed, 13 insertions(+), 4 deletions(-)
M	myMalloc.c
Your branch is up to date with 'origin/master'.
[master 5271a4a] Commit
 Committer: Tru Trong Bui Jr <bui46@data.cs.purdue.edu>
Your name and email address were configured automatically based
on your username and hostname. Please check that they are accurate.
You can suppress this message by setting them explicitly. Run the
following command and follow the instructions in your editor to edit
your configuration file:

    git config --global --edit

After doing this, you may fix the identity used for this commit with:

    git commit --amend --reset-author

 1 file changed, 8 insertions(+), 1 deletion(-)
M	myMalloc.c
Your branch is up to date with 'origin/master'.
[master 0d69dfa] Commit
 Committer: Tru Trong Bui Jr <bui46@data.cs.purdue.edu>
Your name and email address were configured automatically based
on your username and hostname. Please check that they are accurate.
You can suppress this message by setting them explicitly. Run the
following command and follow the instructions in your editor to edit
your configuration file:

    git config --global --edit

After doing this, you may fix the identity used for this commit with:

    git commit --amend --reset-author

 1 file changed, 1 insertion(+), 1 deletion(-)
M	myMalloc.c
Your branch is up to date with 'origin/master'.
[master 64ae26e] Commit
 Committer: Tru Trong Bui Jr <bui46@data.cs.purdue.edu>
Your name and email address were configured automatically based
on your username and hostname. Please check that they are accurate.
You can suppress this message by setting them explicitly. Run the
following command and follow the instructions in your editor to edit
your configuration file:

    git config --global --edit

After doing this, you may fix the identity used for this commit with:

    git commit --amend --reset-author

 1 file changed, 1 insertion(+), 1 deletion(-)
M	myMalloc.c
Your branch is up to date with 'origin/master'.
[master 3ba5fe8] Commit
 Committer: Tru Trong Bui Jr <bui46@data.cs.purdue.edu>
Your name and email address were configured automatically based
on your username and hostname. Please check that they are accurate.
You can suppress this message by setting them explicitly. Run the
following command and follow the instructions in your editor to edit
your configuration file:

    git config --global --edit

After doing this, you may fix the identity used for this commit with:

    git commit --amend --reset-author

 1 file changed, 2 insertions(+), 1 deletion(-)
M	myMalloc.c
Your branch is up to date with 'origin/master'.
[master 19dd06b] Commit
 Committer: Tru Trong Bui Jr <bui46@data.cs.purdue.edu>
Your name and email address were configured automatically based
on your username and hostname. Please check that they are accurate.
You can suppress this message by setting them explicitly. Run the
following command and follow the instructions in your editor to edit
your configuration file:

    git config --global --edit

After doing this, you may fix the identity used for this commit with:

    git commit --amend --reset-author

 1 file changed, 1 insertion(+), 1 deletion(-)
M	myMalloc.c
Your branch is up to date with 'origin/master'.
[master 427ccb6] Commit
 Committer: Tru Trong Bui Jr <bui46@data.cs.purdue.edu>
Your name and email address were configured automatically based
on your username and hostname. Please check that they are accurate.
You can suppress this message by setting them explicitly. Run the
following command and follow the instructions in your editor to edit
your configuration file:

    git config --global --edit

After doing this, you may fix the identity used for this commit with:

    git commit --amend --reset-author

 1 file changed, 1 insertion(+), 3 deletions(-)
M	myMalloc.c
Your branch is up to date with 'origin/master'.
[master 99a25ca] Commit
 Committer: Tru Trong Bui Jr <bui46@data.cs.purdue.edu>
Your name and email address were configured automatically based
on your username and hostname. Please check that they are accurate.
You can suppress this message by setting them explicitly. Run the
following command and follow the instructions in your editor to edit
your configuration file:

    git config --global --edit

After doing this, you may fix the identity used for this commit with:

    git commit --amend --reset-author

 1 file changed, 16 insertions(+), 5 deletions(-)
M	myMalloc.c
Your branch is up to date with 'origin/master'.
[master 5dd38c4] Commit
 Committer: Tru Trong Bui Jr <bui46@data.cs.purdue.edu>
Your name and email address were configured automatically based
on your username and hostname. Please check that they are accurate.
You can suppress this message by setting them explicitly. Run the
following command and follow the instructions in your editor to edit
your configuration file:

    git config --global --edit

After doing this, you may fix the identity used for this commit with:

    git commit --amend --reset-author

 1 file changed, 2 insertions(+), 1 deletion(-)
M	myMalloc.c
Your branch is up to date with 'origin/master'.
[master 460f6e8] Commit
 Committer: Tru Trong Bui Jr <bui46@data.cs.purdue.edu>
Your name and email address were configured automatically based
on your username and hostname. Please check that they are accurate.
You can suppress this message by setting them explicitly. Run the
following command and follow the instructions in your editor to edit
your configuration file:

    git config --global --edit

After doing this, you may fix the identity used for this commit with:

    git commit --amend --reset-author

 1 file changed, 4 insertions(+), 2 deletions(-)
Your branch is up to date with 'origin/master'.
On branch master
Your branch is up to date with 'origin/master'.

Untracked files:
  (use "git add <file>..." to include in what will be committed)
	.local.git.out
	.myMalloc.c.swp
	examples/composite_ex
	examples/constructor_ex
	tests/test_all_lists
	tests/test_coalesce_chunk_coalesce
	tests/test_coalesce_chunk_insert
	tests/test_corrupted_canary
	tests/test_double_free
	tests/test_exact
	tests/test_free_both
	tests/test_free_even
	tests/test_free_insert
	tests/test_free_left
	tests/test_free_null
	tests/test_free_odd
	tests/test_free_right
	tests/test_insert_chunk
	tests/test_large
	tests/test_locks
	tests/test_malloc_large
	tests/test_malloc_too_large
	tests/test_malloc_zero
	tests/test_multi_malloc
	tests/test_out_of_ram
	tests/test_random
	tests/test_random_sizes
	tests/test_simple0
	tests/test_simple1
	tests/test_simple2
	tests/test_simple3
	tests/test_simple4
	tests/test_simple5
	tests/test_simple6
	tests/test_split
	tests/test_verify
	tests/test_very_large

nothing added to commit but untracked files present (use "git add" to track)
M	myMalloc.c
Your branch is up to date with 'origin/master'.
[master 79a8e01] Commit
 Committer: Tru Trong Bui Jr <bui46@data.cs.purdue.edu>
Your name and email address were configured automatically based
on your username and hostname. Please check that they are accurate.
You can suppress this message by setting them explicitly. Run the
following command and follow the instructions in your editor to edit
your configuration file:

    git config --global --edit

After doing this, you may fix the identity used for this commit with:

    git commit --amend --reset-author

 1 file changed, 2 insertions(+), 2 deletions(-)
M	myMalloc.c
Your branch is up to date with 'origin/master'.
[master dd4bece] Commit
 Committer: Tru Trong Bui Jr <bui46@data.cs.purdue.edu>
Your name and email address were configured automatically based
on your username and hostname. Please check that they are accurate.
You can suppress this message by setting them explicitly. Run the
following command and follow the instructions in your editor to edit
your configuration file:

    git config --global --edit

After doing this, you may fix the identity used for this commit with:

    git commit --amend --reset-author

 1 file changed, 4 insertions(+), 4 deletions(-)
M	myMalloc.c
Your branch is up to date with 'origin/master'.
[master db19ab9] Commit
 Committer: Tru Trong Bui Jr <bui46@data.cs.purdue.edu>
Your name and email address were configured automatically based
on your username and hostname. Please check that they are accurate.
You can suppress this message by setting them explicitly. Run the
following command and follow the instructions in your editor to edit
your configuration file:

    git config --global --edit

After doing this, you may fix the identity used for this commit with:

    git commit --amend --reset-author

 1 file changed, 12 insertions(+), 6 deletions(-)
M	myMalloc.c
Your branch is up to date with 'origin/master'.
[master def609a] Commit
 Committer: Tru Trong Bui Jr <bui46@data.cs.purdue.edu>
Your name and email address were configured automatically based
on your username and hostname. Please check that they are accurate.
You can suppress this message by setting them explicitly. Run the
following command and follow the instructions in your editor to edit
your configuration file:

    git config --global --edit

After doing this, you may fix the identity used for this commit with:

    git commit --amend --reset-author

 1 file changed, 2 insertions(+), 2 deletions(-)
M	myMalloc.c
Your branch is up to date with 'origin/master'.
[master 3d7c964] Commit
 Committer: Tru Trong Bui Jr <bui46@data.cs.purdue.edu>
Your name and email address were configured automatically based
on your username and hostname. Please check that they are accurate.
You can suppress this message by setting them explicitly. Run the
following command and follow the instructions in your editor to edit
your configuration file:

    git config --global --edit

After doing this, you may fix the identity used for this commit with:

    git commit --amend --reset-author

 1 file changed, 2 insertions(+), 2 deletions(-)
Your branch is up to date with 'origin/master'.
On branch master
Your branch is up to date with 'origin/master'.

Untracked files:
  (use "git add <file>..." to include in what will be committed)
	.local.git.out
	.myMalloc.c.swp
	examples/composite_ex
	examples/constructor_ex
	tests/test_all_lists
	tests/test_coalesce_chunk_coalesce
	tests/test_coalesce_chunk_insert
	tests/test_corrupted_canary
	tests/test_double_free
	tests/test_exact
	tests/test_free_both
	tests/test_free_even
	tests/test_free_insert
	tests/test_free_left
	tests/test_free_null
	tests/test_free_odd
	tests/test_free_right
	tests/test_insert_chunk
	tests/test_large
	tests/test_locks
	tests/test_malloc_large
	tests/test_malloc_too_large
	tests/test_malloc_zero
	tests/test_multi_malloc
	tests/test_out_of_ram
	tests/test_random
	tests/test_random_sizes
	tests/test_simple0
	tests/test_simple1
	tests/test_simple2
	tests/test_simple3
	tests/test_simple4
	tests/test_simple5
	tests/test_simple6
	tests/test_split
	tests/test_verify
	tests/test_very_large

nothing added to commit but untracked files present (use "git add" to track)
M	myMalloc.c
Your branch is up to date with 'origin/master'.
[master fce965f] Commit
 Committer: Tru Trong Bui Jr <bui46@data.cs.purdue.edu>
Your name and email address were configured automatically based
on your username and hostname. Please check that they are accurate.
You can suppress this message by setting them explicitly. Run the
following command and follow the instructions in your editor to edit
your configuration file:

    git config --global --edit

After doing this, you may fix the identity used for this commit with:

    git commit --amend --reset-author

 1 file changed, 3 insertions(+), 8 deletions(-)
M	myMalloc.c
Your branch is up to date with 'origin/master'.
[master e0fb3a1] Commit
 Committer: Tru Trong Bui Jr <bui46@data.cs.purdue.edu>
Your name and email address were configured automatically based
on your username and hostname. Please check that they are accurate.
You can suppress this message by setting them explicitly. Run the
following command and follow the instructions in your editor to edit
your configuration file:

    git config --global --edit

After doing this, you may fix the identity used for this commit with:

    git commit --amend --reset-author

 1 file changed, 1 deletion(-)
M	myMalloc.c
Your branch is up to date with 'origin/master'.
[master e8a07a7] Commit
 Committer: Tru Trong Bui Jr <bui46@data.cs.purdue.edu>
Your name and email address were configured automatically based
on your username and hostname. Please check that they are accurate.
You can suppress this message by setting them explicitly. Run the
following command and follow the instructions in your editor to edit
your configuration file:

    git config --global --edit

After doing this, you may fix the identity used for this commit with:

    git commit --amend --reset-author

 1 file changed, 4 insertions(+), 5 deletions(-)
Your branch is up to date with 'origin/master'.
On branch master
Your branch is up to date with 'origin/master'.

Untracked files:
  (use "git add <file>..." to include in what will be committed)
	.local.git.out
	.myMalloc.c.swp
	examples/composite_ex
	examples/constructor_ex
	tests/test_all_lists
	tests/test_coalesce_chunk_coalesce
	tests/test_coalesce_chunk_insert
	tests/test_corrupted_canary
	tests/test_double_free
	tests/test_exact
	tests/test_free_both
	tests/test_free_even
	tests/test_free_insert
	tests/test_free_left
	tests/test_free_null
	tests/test_free_odd
	tests/test_free_right
	tests/test_insert_chunk
	tests/test_large
	tests/test_locks
	tests/test_malloc_large
	tests/test_malloc_too_large
	tests/test_malloc_zero
	tests/test_multi_malloc
	tests/test_out_of_ram
	tests/test_random
	tests/test_random_sizes
	tests/test_simple0
	tests/test_simple1
	tests/test_simple2
	tests/test_simple3
	tests/test_simple4
	tests/test_simple5
	tests/test_simple6
	tests/test_split
	tests/test_verify
	tests/test_very_large

nothing added to commit but untracked files present (use "git add" to track)
M	myMalloc.c
Your branch is up to date with 'origin/master'.
[master e989da8] Commit
 Committer: Tru Trong Bui Jr <bui46@data.cs.purdue.edu>
Your name and email address were configured automatically based
on your username and hostname. Please check that they are accurate.
You can suppress this message by setting them explicitly. Run the
following command and follow the instructions in your editor to edit
your configuration file:

    git config --global --edit

After doing this, you may fix the identity used for this commit with:

    git commit --amend --reset-author

 1 file changed, 1 insertion(+), 1 deletion(-)
Your branch is up to date with 'origin/master'.
On branch master
Your branch is up to date with 'origin/master'.

Untracked files:
  (use "git add <file>..." to include in what will be committed)
	.local.git.out
	.myMalloc.c.swp
	examples/composite_ex
	examples/constructor_ex
	tests/test_all_lists
	tests/test_coalesce_chunk_coalesce
	tests/test_coalesce_chunk_insert
	tests/test_corrupted_canary
	tests/test_double_free
	tests/test_exact
	tests/test_free_both
	tests/test_free_even
	tests/test_free_insert
	tests/test_free_left
	tests/test_free_null
	tests/test_free_odd
	tests/test_free_right
	tests/test_insert_chunk
	tests/test_large
	tests/test_locks
	tests/test_malloc_large
	tests/test_malloc_too_large
	tests/test_malloc_zero
	tests/test_multi_malloc
	tests/test_out_of_ram
	tests/test_random
	tests/test_random_sizes
	tests/test_simple0
	tests/test_simple1
	tests/test_simple2
	tests/test_simple3
	tests/test_simple4
	tests/test_simple5
	tests/test_simple6
	tests/test_split
	tests/test_verify
	tests/test_very_large

nothing added to commit but untracked files present (use "git add" to track)
M	myMalloc.c
Your branch is up to date with 'origin/master'.
[master 37f9604] Commit
 Committer: Tru Trong Bui Jr <bui46@data.cs.purdue.edu>
Your name and email address were configured automatically based
on your username and hostname. Please check that they are accurate.
You can suppress this message by setting them explicitly. Run the
following command and follow the instructions in your editor to edit
your configuration file:

    git config --global --edit

After doing this, you may fix the identity used for this commit with:

    git commit --amend --reset-author

 1 file changed, 1 insertion(+), 1 deletion(-)
Your branch is up to date with 'origin/master'.
On branch master
Your branch is up to date with 'origin/master'.

Untracked files:
  (use "git add <file>..." to include in what will be committed)
	.local.git.out
	.myMalloc.c.swp
	examples/composite_ex
	examples/constructor_ex
	tests/test_all_lists
	tests/test_coalesce_chunk_coalesce
	tests/test_coalesce_chunk_insert
	tests/test_corrupted_canary
	tests/test_double_free
	tests/test_exact
	tests/test_free_both
	tests/test_free_even
	tests/test_free_insert
	tests/test_free_left
	tests/test_free_null
	tests/test_free_odd
	tests/test_free_right
	tests/test_insert_chunk
	tests/test_large
	tests/test_locks
	tests/test_malloc_large
	tests/test_malloc_too_large
	tests/test_malloc_zero
	tests/test_multi_malloc
	tests/test_out_of_ram
	tests/test_random
	tests/test_random_sizes
	tests/test_simple1
	tests/test_simple2
	tests/test_simple3
	tests/test_simple4
	tests/test_simple5
	tests/test_simple6
	tests/test_split
	tests/test_verify
	tests/test_very_large

nothing added to commit but untracked files present (use "git add" to track)
M	myMalloc.c
Your branch is up to date with 'origin/master'.
[master ef21ca2] Commit
 Committer: Tru Trong Bui Jr <bui46@data.cs.purdue.edu>
Your name and email address were configured automatically based
on your username and hostname. Please check that they are accurate.
You can suppress this message by setting them explicitly. Run the
following command and follow the instructions in your editor to edit
your configuration file:

    git config --global --edit

After doing this, you may fix the identity used for this commit with:

    git commit --amend --reset-author

 1 file changed, 2 insertions(+), 2 deletions(-)
Your branch is up to date with 'origin/master'.
On branch master
Your branch is up to date with 'origin/master'.

Untracked files:
  (use "git add <file>..." to include in what will be committed)
	.local.git.out
	.myMalloc.c.swp
	examples/composite_ex
	examples/constructor_ex
	tests/test_all_lists
	tests/test_coalesce_chunk_coalesce
	tests/test_coalesce_chunk_insert
	tests/test_corrupted_canary
	tests/test_double_free
	tests/test_exact
	tests/test_free_both
	tests/test_free_even
	tests/test_free_insert
	tests/test_free_left
	tests/test_free_null
	tests/test_free_odd
	tests/test_free_right
	tests/test_insert_chunk
	tests/test_large
	tests/test_locks
	tests/test_malloc_large
	tests/test_malloc_too_large
	tests/test_malloc_zero
	tests/test_multi_malloc
	tests/test_out_of_ram
	tests/test_random
	tests/test_random_sizes
	tests/test_simple1
	tests/test_simple2
	tests/test_simple3
	tests/test_simple4
	tests/test_simple5
	tests/test_simple6
	tests/test_split
	tests/test_verify
	tests/test_very_large

nothing added to commit but untracked files present (use "git add" to track)
M	myMalloc.c
Your branch is up to date with 'origin/master'.
[master 2fb6953] Commit
 Committer: Tru Trong Bui Jr <bui46@data.cs.purdue.edu>
Your name and email address were configured automatically based
on your username and hostname. Please check that they are accurate.
You can suppress this message by setting them explicitly. Run the
following command and follow the instructions in your editor to edit
your configuration file:

    git config --global --edit

After doing this, you may fix the identity used for this commit with:

    git commit --amend --reset-author

 1 file changed, 1 insertion(+), 1 deletion(-)
M	myMalloc.c
Your branch is up to date with 'origin/master'.
[master ff56e68] Commit
 Committer: Tru Trong Bui Jr <bui46@data.cs.purdue.edu>
Your name and email address were configured automatically based
on your username and hostname. Please check that they are accurate.
You can suppress this message by setting them explicitly. Run the
following command and follow the instructions in your editor to edit
your configuration file:

    git config --global --edit

After doing this, you may fix the identity used for this commit with:

    git commit --amend --reset-author

 1 file changed, 1 insertion(+), 1 deletion(-)
M	myMalloc.c
Your branch is up to date with 'origin/master'.
[master 410d102] Commit
 Committer: Tru Trong Bui Jr <bui46@data.cs.purdue.edu>
Your name and email address were configured automatically based
on your username and hostname. Please check that they are accurate.
You can suppress this message by setting them explicitly. Run the
following command and follow the instructions in your editor to edit
your configuration file:

    git config --global --edit

After doing this, you may fix the identity used for this commit with:

    git commit --amend --reset-author

 1 file changed, 4 insertions(+), 1 deletion(-)
M	myMalloc.c
Your branch is up to date with 'origin/master'.
[master a7c7367] Commit
 Committer: Tru Trong Bui Jr <bui46@data.cs.purdue.edu>
Your name and email address were configured automatically based
on your username and hostname. Please check that they are accurate.
You can suppress this message by setting them explicitly. Run the
following command and follow the instructions in your editor to edit
your configuration file:

    git config --global --edit

After doing this, you may fix the identity used for this commit with:

    git commit --amend --reset-author

 1 file changed, 1 insertion(+), 4 deletions(-)
Your branch is up to date with 'origin/master'.
On branch master
Your branch is up to date with 'origin/master'.

Untracked files:
  (use "git add <file>..." to include in what will be committed)
	.local.git.out
	.myMalloc.c.swp
	examples/composite_ex
	examples/constructor_ex
	tests/test_all_lists
	tests/test_coalesce_chunk_coalesce
	tests/test_coalesce_chunk_insert
	tests/test_corrupted_canary
	tests/test_double_free
	tests/test_exact
	tests/test_free_both
	tests/test_free_even
	tests/test_free_insert
	tests/test_free_left
	tests/test_free_null
	tests/test_free_odd
	tests/test_free_right
	tests/test_insert_chunk
	tests/test_large
	tests/test_locks
	tests/test_malloc_large
	tests/test_malloc_too_large
	tests/test_malloc_zero
	tests/test_multi_malloc
	tests/test_out_of_ram
	tests/test_random
	tests/test_random_sizes
	tests/test_simple0
	tests/test_simple1
	tests/test_simple2
	tests/test_simple3
	tests/test_simple4
	tests/test_simple5
	tests/test_simple6
	tests/test_split
	tests/test_verify
	tests/test_very_large

nothing added to commit but untracked files present (use "git add" to track)
M	myMalloc.c
Your branch is up to date with 'origin/master'.
[master 9be49f6] Commit
 Committer: Tru Trong Bui Jr <bui46@data.cs.purdue.edu>
Your name and email address were configured automatically based
on your username and hostname. Please check that they are accurate.
You can suppress this message by setting them explicitly. Run the
following command and follow the instructions in your editor to edit
your configuration file:

    git config --global --edit

After doing this, you may fix the identity used for this commit with:

    git commit --amend --reset-author

 1 file changed, 22 insertions(+), 11 deletions(-)
Your branch is up to date with 'origin/master'.
On branch master
Your branch is up to date with 'origin/master'.

Untracked files:
  (use "git add <file>..." to include in what will be committed)
	.local.git.out
	.myMalloc.c.swp
	examples/composite_ex
	examples/constructor_ex
	tests/test_all_lists
	tests/test_coalesce_chunk_coalesce
	tests/test_coalesce_chunk_insert
	tests/test_corrupted_canary
	tests/test_double_free
	tests/test_exact
	tests/test_free_both
	tests/test_free_even
	tests/test_free_insert
	tests/test_free_left
	tests/test_free_null
	tests/test_free_odd
	tests/test_free_right
	tests/test_insert_chunk
	tests/test_large
	tests/test_locks
	tests/test_malloc_large
	tests/test_malloc_too_large
	tests/test_malloc_zero
	tests/test_multi_malloc
	tests/test_out_of_ram
	tests/test_random
	tests/test_random_sizes
	tests/test_simple0
	tests/test_simple1
	tests/test_simple2
	tests/test_simple3
	tests/test_simple4
	tests/test_simple5
	tests/test_simple6
	tests/test_split
	tests/test_verify
	tests/test_very_large

nothing added to commit but untracked files present (use "git add" to track)
Your branch is up to date with 'origin/master'.
On branch master
Your branch is up to date with 'origin/master'.

Untracked files:
  (use "git add <file>..." to include in what will be committed)
	.local.git.out
	.myMalloc.c.swp
	examples/composite_ex
	examples/constructor_ex
	tests/test_all_lists
	tests/test_coalesce_chunk_coalesce
	tests/test_coalesce_chunk_insert
	tests/test_corrupted_canary
	tests/test_double_free
	tests/test_exact
	tests/test_free_both
	tests/test_free_even
	tests/test_free_insert
	tests/test_free_left
	tests/test_free_null
	tests/test_free_odd
	tests/test_free_right
	tests/test_insert_chunk
	tests/test_large
	tests/test_locks
	tests/test_malloc_large
	tests/test_malloc_too_large
	tests/test_malloc_zero
	tests/test_multi_malloc
	tests/test_out_of_ram
	tests/test_random
	tests/test_random_sizes
	tests/test_simple0
	tests/test_simple1
	tests/test_simple2
	tests/test_simple3
	tests/test_simple4
	tests/test_simple5
	tests/test_simple6
	tests/test_split
	tests/test_verify
	tests/test_very_large

nothing added to commit but untracked files present (use "git add" to track)
Your branch is up to date with 'origin/master'.
On branch master
Your branch is up to date with 'origin/master'.

Untracked files:
  (use "git add <file>..." to include in what will be committed)
	.local.git.out
	.myMalloc.c.swp
	examples/composite_ex
	examples/constructor_ex
	tests/test_all_lists
	tests/test_coalesce_chunk_coalesce
	tests/test_coalesce_chunk_insert
	tests/test_corrupted_canary
	tests/test_double_free
	tests/test_exact
	tests/test_free_both
	tests/test_free_even
	tests/test_free_insert
	tests/test_free_left
	tests/test_free_null
	tests/test_free_odd
	tests/test_free_right
	tests/test_insert_chunk
	tests/test_large
	tests/test_locks
	tests/test_malloc_large
	tests/test_malloc_too_large
	tests/test_malloc_zero
	tests/test_multi_malloc
	tests/test_out_of_ram
	tests/test_random
	tests/test_random_sizes
	tests/test_simple0
	tests/test_simple1
	tests/test_simple2
	tests/test_simple3
	tests/test_simple4
	tests/test_simple5
	tests/test_simple6
	tests/test_split
	tests/test_verify
	tests/test_very_large

nothing added to commit but untracked files present (use "git add" to track)
M	myMalloc.c
Your branch is up to date with 'origin/master'.
[master ccfb2db] Commit
 Committer: Tru Trong Bui Jr <bui46@data.cs.purdue.edu>
Your name and email address were configured automatically based
on your username and hostname. Please check that they are accurate.
You can suppress this message by setting them explicitly. Run the
following command and follow the instructions in your editor to edit
your configuration file:

    git config --global --edit

After doing this, you may fix the identity used for this commit with:

    git commit --amend --reset-author

 1 file changed, 36 insertions(+), 29 deletions(-)
Your branch is up to date with 'origin/master'.
On branch master
Your branch is up to date with 'origin/master'.

Untracked files:
  (use "git add <file>..." to include in what will be committed)
	.local.git.out
	.myMalloc.c.swp
	examples/composite_ex
	examples/constructor_ex
	tests/test_all_lists
	tests/test_coalesce_chunk_coalesce
	tests/test_coalesce_chunk_insert
	tests/test_corrupted_canary
	tests/test_double_free
	tests/test_exact
	tests/test_free_both
	tests/test_free_even
	tests/test_free_insert
	tests/test_free_left
	tests/test_free_null
	tests/test_free_odd
	tests/test_free_right
	tests/test_insert_chunk
	tests/test_large
	tests/test_locks
	tests/test_malloc_large
	tests/test_malloc_too_large
	tests/test_malloc_zero
	tests/test_multi_malloc
	tests/test_out_of_ram
	tests/test_random
	tests/test_random_sizes
	tests/test_simple0
	tests/test_simple1
	tests/test_simple2
	tests/test_simple3
	tests/test_simple4
	tests/test_simple5
	tests/test_simple6
	tests/test_split
	tests/test_verify
	tests/test_very_large

nothing added to commit but untracked files present (use "git add" to track)
M	myMalloc.c
Your branch is up to date with 'origin/master'.
[master 6ba89d7] Commit
 Committer: Tru Trong Bui Jr <bui46@data.cs.purdue.edu>
Your name and email address were configured automatically based
on your username and hostname. Please check that they are accurate.
You can suppress this message by setting them explicitly. Run the
following command and follow the instructions in your editor to edit
your configuration file:

    git config --global --edit

After doing this, you may fix the identity used for this commit with:

    git commit --amend --reset-author

 1 file changed, 9 insertions(+), 2 deletions(-)
M	myMalloc.c
Your branch is up to date with 'origin/master'.
[master 9152c73] Commit
 Committer: Tru Trong Bui Jr <bui46@data.cs.purdue.edu>
Your name and email address were configured automatically based
on your username and hostname. Please check that they are accurate.
You can suppress this message by setting them explicitly. Run the
following command and follow the instructions in your editor to edit
your configuration file:

    git config --global --edit

After doing this, you may fix the identity used for this commit with:

    git commit --amend --reset-author

 1 file changed, 10 insertions(+), 2 deletions(-)
M	myMalloc.c
Your branch is up to date with 'origin/master'.
[master 8a04cc7] Commit
 Committer: Tru Trong Bui Jr <bui46@data.cs.purdue.edu>
Your name and email address were configured automatically based
on your username and hostname. Please check that they are accurate.
You can suppress this message by setting them explicitly. Run the
following command and follow the instructions in your editor to edit
your configuration file:

    git config --global --edit

After doing this, you may fix the identity used for this commit with:

    git commit --amend --reset-author

 1 file changed, 6 insertions(+), 5 deletions(-)
M	myMalloc.c
Your branch is up to date with 'origin/master'.
[master 597114a] Commit
 Committer: Tru Trong Bui Jr <bui46@data.cs.purdue.edu>
Your name and email address were configured automatically based
on your username and hostname. Please check that they are accurate.
You can suppress this message by setting them explicitly. Run the
following command and follow the instructions in your editor to edit
your configuration file:

    git config --global --edit

After doing this, you may fix the identity used for this commit with:

    git commit --amend --reset-author

 1 file changed, 2 insertions(+), 1 deletion(-)
M	myMalloc.c
Your branch is up to date with 'origin/master'.
[master 64d9d9b] Commit
 Committer: Tru Trong Bui Jr <bui46@data.cs.purdue.edu>
Your name and email address were configured automatically based
on your username and hostname. Please check that they are accurate.
You can suppress this message by setting them explicitly. Run the
following command and follow the instructions in your editor to edit
your configuration file:

    git config --global --edit

After doing this, you may fix the identity used for this commit with:

    git commit --amend --reset-author

 1 file changed, 11 insertions(+), 8 deletions(-)
M	myMalloc.c
Your branch is up to date with 'origin/master'.
[master 3a59c27] Commit
 Committer: Tru Trong Bui Jr <bui46@data.cs.purdue.edu>
Your name and email address were configured automatically based
on your username and hostname. Please check that they are accurate.
You can suppress this message by setting them explicitly. Run the
following command and follow the instructions in your editor to edit
your configuration file:

    git config --global --edit

After doing this, you may fix the identity used for this commit with:

    git commit --amend --reset-author

 1 file changed, 1 insertion(+), 1 deletion(-)
M	myMalloc.c
Your branch is up to date with 'origin/master'.
[master 7e6dc63] Commit
 Committer: Tru Trong Bui Jr <bui46@data.cs.purdue.edu>
Your name and email address were configured automatically based
on your username and hostname. Please check that they are accurate.
You can suppress this message by setting them explicitly. Run the
following command and follow the instructions in your editor to edit
your configuration file:

    git config --global --edit

After doing this, you may fix the identity used for this commit with:

    git commit --amend --reset-author

 1 file changed, 1 insertion(+), 1 deletion(-)
M	myMalloc.c
Your branch is up to date with 'origin/master'.
[master 424ba72] Commit
 Committer: Tru Trong Bui Jr <bui46@data.cs.purdue.edu>
Your name and email address were configured automatically based
on your username and hostname. Please check that they are accurate.
You can suppress this message by setting them explicitly. Run the
following command and follow the instructions in your editor to edit
your configuration file:

    git config --global --edit

After doing this, you may fix the identity used for this commit with:

    git commit --amend --reset-author

 1 file changed, 17 insertions(+), 8 deletions(-)
Your branch is up to date with 'origin/master'.
On branch master
Your branch is up to date with 'origin/master'.

Untracked files:
  (use "git add <file>..." to include in what will be committed)
	.local.git.out
	.myMalloc.c.swp
	examples/composite_ex
	examples/constructor_ex
	tests/test_all_lists
	tests/test_coalesce_chunk_coalesce
	tests/test_coalesce_chunk_insert
	tests/test_corrupted_canary
	tests/test_double_free
	tests/test_exact
	tests/test_free_both
	tests/test_free_even
	tests/test_free_insert
	tests/test_free_left
	tests/test_free_null
	tests/test_free_odd
	tests/test_free_right
	tests/test_insert_chunk
	tests/test_large
	tests/test_locks
	tests/test_malloc_large
	tests/test_malloc_too_large
	tests/test_malloc_zero
	tests/test_multi_malloc
	tests/test_out_of_ram
	tests/test_random
	tests/test_random_sizes
	tests/test_simple0
	tests/test_simple1
	tests/test_simple2
	tests/test_simple3
	tests/test_simple4
	tests/test_simple5
	tests/test_simple6
	tests/test_split
	tests/test_verify
	tests/test_very_large

nothing added to commit but untracked files present (use "git add" to track)
M	myMalloc.c
Your branch is up to date with 'origin/master'.
[master b9055ad] Commit
 Committer: Tru Trong Bui Jr <bui46@data.cs.purdue.edu>
Your name and email address were configured automatically based
on your username and hostname. Please check that they are accurate.
You can suppress this message by setting them explicitly. Run the
following command and follow the instructions in your editor to edit
your configuration file:

    git config --global --edit

After doing this, you may fix the identity used for this commit with:

    git commit --amend --reset-author

 1 file changed, 1 insertion(+)
Your branch is up to date with 'origin/master'.
On branch master
Your branch is up to date with 'origin/master'.

Untracked files:
  (use "git add <file>..." to include in what will be committed)
	.local.git.out
	.myMalloc.c.swp
	examples/composite_ex
	examples/constructor_ex
	tests/test_all_lists
	tests/test_coalesce_chunk_coalesce
	tests/test_coalesce_chunk_insert
	tests/test_corrupted_canary
	tests/test_double_free
	tests/test_exact
	tests/test_free_both
	tests/test_free_even
	tests/test_free_insert
	tests/test_free_left
	tests/test_free_null
	tests/test_free_odd
	tests/test_free_right
	tests/test_insert_chunk
	tests/test_large
	tests/test_locks
	tests/test_malloc_large
	tests/test_malloc_too_large
	tests/test_malloc_zero
	tests/test_multi_malloc
	tests/test_out_of_ram
	tests/test_random
	tests/test_random_sizes
	tests/test_simple0
	tests/test_simple1
	tests/test_simple2
	tests/test_simple3
	tests/test_simple4
	tests/test_simple5
	tests/test_simple6
	tests/test_split
	tests/test_verify
	tests/test_very_large

nothing added to commit but untracked files present (use "git add" to track)
M	myMalloc.c
Your branch is up to date with 'origin/master'.
[master 55f73eb] Commit
 Committer: Tru Trong Bui Jr <bui46@data.cs.purdue.edu>
Your name and email address were configured automatically based
on your username and hostname. Please check that they are accurate.
You can suppress this message by setting them explicitly. Run the
following command and follow the instructions in your editor to edit
your configuration file:

    git config --global --edit

After doing this, you may fix the identity used for this commit with:

    git commit --amend --reset-author

 1 file changed, 19 insertions(+), 18 deletions(-)
Your branch is up to date with 'origin/master'.
On branch master
Your branch is up to date with 'origin/master'.

Untracked files:
  (use "git add <file>..." to include in what will be committed)
	.local.git.out
	.myMalloc.c.swp
	examples/composite_ex
	examples/constructor_ex
	tests/test_all_lists
	tests/test_coalesce_chunk_coalesce
	tests/test_coalesce_chunk_insert
	tests/test_corrupted_canary
	tests/test_double_free
	tests/test_exact
	tests/test_free_both
	tests/test_free_even
	tests/test_free_insert
	tests/test_free_left
	tests/test_free_null
	tests/test_free_odd
	tests/test_free_right
	tests/test_insert_chunk
	tests/test_large
	tests/test_locks
	tests/test_malloc_large
	tests/test_malloc_too_large
	tests/test_malloc_zero
	tests/test_multi_malloc
	tests/test_out_of_ram
	tests/test_random
	tests/test_random_sizes
	tests/test_simple0
	tests/test_simple1
	tests/test_simple2
	tests/test_simple3
	tests/test_simple4
	tests/test_simple5
	tests/test_simple6
	tests/test_split
	tests/test_verify
	tests/test_very_large

nothing added to commit but untracked files present (use "git add" to track)
M	myMalloc.c
Your branch is up to date with 'origin/master'.
[master e79a556] Commit
 Committer: Tru Trong Bui Jr <bui46@data.cs.purdue.edu>
Your name and email address were configured automatically based
on your username and hostname. Please check that they are accurate.
You can suppress this message by setting them explicitly. Run the
following command and follow the instructions in your editor to edit
your configuration file:

    git config --global --edit

After doing this, you may fix the identity used for this commit with:

    git commit --amend --reset-author

 1 file changed, 1 insertion(+), 16 deletions(-)
Your branch is up to date with 'origin/master'.
On branch master
Your branch is up to date with 'origin/master'.

Untracked files:
  (use "git add <file>..." to include in what will be committed)
	.local.git.out
	.myMalloc.c.swp
	examples/composite_ex
	examples/constructor_ex
	tests/test_all_lists
	tests/test_coalesce_chunk_coalesce
	tests/test_coalesce_chunk_insert
	tests/test_corrupted_canary
	tests/test_double_free
	tests/test_exact
	tests/test_free_both
	tests/test_free_even
	tests/test_free_insert
	tests/test_free_left
	tests/test_free_null
	tests/test_free_odd
	tests/test_free_right
	tests/test_insert_chunk
	tests/test_large
	tests/test_locks
	tests/test_malloc_large
	tests/test_malloc_too_large
	tests/test_malloc_zero
	tests/test_multi_malloc
	tests/test_out_of_ram
	tests/test_random
	tests/test_random_sizes
	tests/test_simple0
	tests/test_simple1
	tests/test_simple2
	tests/test_simple3
	tests/test_simple4
	tests/test_simple5
	tests/test_simple6
	tests/test_split
	tests/test_verify
	tests/test_very_large

nothing added to commit but untracked files present (use "git add" to track)
M	myMalloc.c
Your branch is up to date with 'origin/master'.
[master a22931d] Commit
 Committer: Tru Trong Bui Jr <bui46@data.cs.purdue.edu>
Your name and email address were configured automatically based
on your username and hostname. Please check that they are accurate.
You can suppress this message by setting them explicitly. Run the
following command and follow the instructions in your editor to edit
your configuration file:

    git config --global --edit

After doing this, you may fix the identity used for this commit with:

    git commit --amend --reset-author

 1 file changed, 19 insertions(+), 1 deletion(-)
Your branch is up to date with 'origin/master'.
On branch master
Your branch is up to date with 'origin/master'.

Untracked files:
  (use "git add <file>..." to include in what will be committed)
	.local.git.out
	.myMalloc.c.swp
	examples/composite_ex
	examples/constructor_ex
	tests/test_all_lists
	tests/test_coalesce_chunk_coalesce
	tests/test_coalesce_chunk_insert
	tests/test_corrupted_canary
	tests/test_double_free
	tests/test_exact
	tests/test_free_both
	tests/test_free_even
	tests/test_free_insert
	tests/test_free_left
	tests/test_free_null
	tests/test_free_odd
	tests/test_free_right
	tests/test_insert_chunk
	tests/test_large
	tests/test_locks
	tests/test_malloc_large
	tests/test_malloc_too_large
	tests/test_malloc_zero
	tests/test_multi_malloc
	tests/test_out_of_ram
	tests/test_random
	tests/test_random_sizes
	tests/test_simple0
	tests/test_simple1
	tests/test_simple2
	tests/test_simple3
	tests/test_simple4
	tests/test_simple5
	tests/test_simple6
	tests/test_split
	tests/test_verify
	tests/test_very_large

nothing added to commit but untracked files present (use "git add" to track)
M	myMalloc.c
Your branch is up to date with 'origin/master'.
[master 8be3f73] Commit
 Committer: Tru Trong Bui Jr <bui46@data.cs.purdue.edu>
Your name and email address were configured automatically based
on your username and hostname. Please check that they are accurate.
You can suppress this message by setting them explicitly. Run the
following command and follow the instructions in your editor to edit
your configuration file:

    git config --global --edit

After doing this, you may fix the identity used for this commit with:

    git commit --amend --reset-author

 1 file changed, 48 insertions(+), 31 deletions(-)
Your branch is up to date with 'origin/master'.
On branch master
Your branch is up to date with 'origin/master'.

Untracked files:
  (use "git add <file>..." to include in what will be committed)
	.local.git.out
	.myMalloc.c.swp
	examples/composite_ex
	examples/constructor_ex
	tests/test_all_lists
	tests/test_coalesce_chunk_coalesce
	tests/test_coalesce_chunk_insert
	tests/test_corrupted_canary
	tests/test_double_free
	tests/test_exact
	tests/test_free_both
	tests/test_free_even
	tests/test_free_insert
	tests/test_free_left
	tests/test_free_null
	tests/test_free_odd
	tests/test_free_right
	tests/test_insert_chunk
	tests/test_large
	tests/test_locks
	tests/test_malloc_large
	tests/test_malloc_too_large
	tests/test_malloc_zero
	tests/test_multi_malloc
	tests/test_out_of_ram
	tests/test_random
	tests/test_random_sizes
	tests/test_simple0
	tests/test_simple1
	tests/test_simple2
	tests/test_simple3
	tests/test_simple4
	tests/test_simple5
	tests/test_simple6
	tests/test_split
	tests/test_verify
	tests/test_very_large

nothing added to commit but untracked files present (use "git add" to track)
M	myMalloc.c
Your branch is up to date with 'origin/master'.
[master f55235b] Commit
 Committer: Tru Trong Bui Jr <bui46@data.cs.purdue.edu>
Your name and email address were configured automatically based
on your username and hostname. Please check that they are accurate.
You can suppress this message by setting them explicitly. Run the
following command and follow the instructions in your editor to edit
your configuration file:

    git config --global --edit

After doing this, you may fix the identity used for this commit with:

    git commit --amend --reset-author

 1 file changed, 2 insertions(+), 2 deletions(-)
Your branch is up to date with 'origin/master'.
On branch master
Your branch is up to date with 'origin/master'.

Untracked files:
  (use "git add <file>..." to include in what will be committed)
	.local.git.out
	.myMalloc.c.swp
	examples/composite_ex
	examples/constructor_ex
	tests/test_all_lists
	tests/test_coalesce_chunk_coalesce
	tests/test_coalesce_chunk_insert
	tests/test_corrupted_canary
	tests/test_double_free
	tests/test_exact
	tests/test_free_both
	tests/test_free_even
	tests/test_free_insert
	tests/test_free_left
	tests/test_free_null
	tests/test_free_odd
	tests/test_free_right
	tests/test_insert_chunk
	tests/test_large
	tests/test_locks
	tests/test_malloc_large
	tests/test_malloc_too_large
	tests/test_malloc_zero
	tests/test_multi_malloc
	tests/test_out_of_ram
	tests/test_random
	tests/test_random_sizes
	tests/test_simple0
	tests/test_simple1
	tests/test_simple2
	tests/test_simple3
	tests/test_simple4
	tests/test_simple5
	tests/test_simple6
	tests/test_split
	tests/test_verify
	tests/test_very_large

nothing added to commit but untracked files present (use "git add" to track)
M	myMalloc.c
Your branch is up to date with 'origin/master'.
[master c1f8350] Commit
 Committer: Tru Trong Bui Jr <bui46@data.cs.purdue.edu>
Your name and email address were configured automatically based
on your username and hostname. Please check that they are accurate.
You can suppress this message by setting them explicitly. Run the
following command and follow the instructions in your editor to edit
your configuration file:

    git config --global --edit

After doing this, you may fix the identity used for this commit with:

    git commit --amend --reset-author

 1 file changed, 22 insertions(+), 12 deletions(-)
Your branch is up to date with 'origin/master'.
On branch master
Your branch is up to date with 'origin/master'.

Untracked files:
  (use "git add <file>..." to include in what will be committed)
	.local.git.out
	.myMalloc.c.swp
	examples/composite_ex
	examples/constructor_ex
	tests/test_all_lists
	tests/test_coalesce_chunk_coalesce
	tests/test_coalesce_chunk_insert
	tests/test_corrupted_canary
	tests/test_double_free
	tests/test_exact
	tests/test_free_both
	tests/test_free_even
	tests/test_free_insert
	tests/test_free_left
	tests/test_free_null
	tests/test_free_odd
	tests/test_free_right
	tests/test_insert_chunk
	tests/test_large
	tests/test_locks
	tests/test_malloc_large
	tests/test_malloc_too_large
	tests/test_malloc_zero
	tests/test_multi_malloc
	tests/test_out_of_ram
	tests/test_random
	tests/test_random_sizes
	tests/test_simple0
	tests/test_simple1
	tests/test_simple2
	tests/test_simple3
	tests/test_simple4
	tests/test_simple5
	tests/test_simple6
	tests/test_split
	tests/test_verify
	tests/test_very_large

nothing added to commit but untracked files present (use "git add" to track)
M	myMalloc.c
Your branch is up to date with 'origin/master'.
[master f4ed8d1] Commit
 Committer: Tru Trong Bui Jr <bui46@data.cs.purdue.edu>
Your name and email address were configured automatically based
on your username and hostname. Please check that they are accurate.
You can suppress this message by setting them explicitly. Run the
following command and follow the instructions in your editor to edit
your configuration file:

    git config --global --edit

After doing this, you may fix the identity used for this commit with:

    git commit --amend --reset-author

 1 file changed, 1 insertion(+), 1 deletion(-)
Your branch is up to date with 'origin/master'.
On branch master
Your branch is up to date with 'origin/master'.

Untracked files:
  (use "git add <file>..." to include in what will be committed)
	.local.git.out
	.myMalloc.c.swp
	examples/composite_ex
	examples/constructor_ex
	tests/test_all_lists
	tests/test_coalesce_chunk_coalesce
	tests/test_coalesce_chunk_insert
	tests/test_corrupted_canary
	tests/test_double_free
	tests/test_exact
	tests/test_free_both
	tests/test_free_even
	tests/test_free_insert
	tests/test_free_left
	tests/test_free_null
	tests/test_free_odd
	tests/test_free_right
	tests/test_insert_chunk
	tests/test_large
	tests/test_locks
	tests/test_malloc_large
	tests/test_malloc_too_large
	tests/test_malloc_zero
	tests/test_multi_malloc
	tests/test_out_of_ram
	tests/test_random
	tests/test_random_sizes
	tests/test_simple0
	tests/test_simple1
	tests/test_simple2
	tests/test_simple3
	tests/test_simple4
	tests/test_simple5
	tests/test_simple6
	tests/test_split
	tests/test_verify
	tests/test_very_large

nothing added to commit but untracked files present (use "git add" to track)
M	myMalloc.c
Your branch is up to date with 'origin/master'.
[master e20b13d] Commit
 Committer: Tru Trong Bui Jr <bui46@data.cs.purdue.edu>
Your name and email address were configured automatically based
on your username and hostname. Please check that they are accurate.
You can suppress this message by setting them explicitly. Run the
following command and follow the instructions in your editor to edit
your configuration file:

    git config --global --edit

After doing this, you may fix the identity used for this commit with:

    git commit --amend --reset-author

 1 file changed, 3 insertions(+), 3 deletions(-)
Your branch is up to date with 'origin/master'.
On branch master
Your branch is up to date with 'origin/master'.

Untracked files:
  (use "git add <file>..." to include in what will be committed)
	.local.git.out
	.myMalloc.c.swp
	examples/composite_ex
	examples/constructor_ex
	tests/test_all_lists
	tests/test_coalesce_chunk_coalesce
	tests/test_coalesce_chunk_insert
	tests/test_corrupted_canary
	tests/test_double_free
	tests/test_exact
	tests/test_free_both
	tests/test_free_even
	tests/test_free_insert
	tests/test_free_left
	tests/test_free_null
	tests/test_free_odd
	tests/test_free_right
	tests/test_insert_chunk
	tests/test_large
	tests/test_locks
	tests/test_malloc_large
	tests/test_malloc_too_large
	tests/test_malloc_zero
	tests/test_multi_malloc
	tests/test_out_of_ram
	tests/test_random
	tests/test_random_sizes
	tests/test_simple1
	tests/test_simple2
	tests/test_simple3
	tests/test_simple4
	tests/test_simple5
	tests/test_simple6
	tests/test_split
	tests/test_verify
	tests/test_very_large

nothing added to commit but untracked files present (use "git add" to track)
M	myMalloc.c
Your branch is up to date with 'origin/master'.
[master 14b8111] Commit
 Committer: Tru Trong Bui Jr <bui46@data.cs.purdue.edu>
Your name and email address were configured automatically based
on your username and hostname. Please check that they are accurate.
You can suppress this message by setting them explicitly. Run the
following command and follow the instructions in your editor to edit
your configuration file:

    git config --global --edit

After doing this, you may fix the identity used for this commit with:

    git commit --amend --reset-author

 1 file changed, 2 insertions(+), 2 deletions(-)
Your branch is up to date with 'origin/master'.
On branch master
Your branch is up to date with 'origin/master'.

Untracked files:
  (use "git add <file>..." to include in what will be committed)
	.local.git.out
	.myMalloc.c.swp
	examples/composite_ex
	examples/constructor_ex
	tests/test_all_lists
	tests/test_coalesce_chunk_coalesce
	tests/test_coalesce_chunk_insert
	tests/test_corrupted_canary
	tests/test_double_free
	tests/test_exact
	tests/test_free_both
	tests/test_free_even
	tests/test_free_insert
	tests/test_free_left
	tests/test_free_null
	tests/test_free_odd
	tests/test_free_right
	tests/test_insert_chunk
	tests/test_large
	tests/test_locks
	tests/test_malloc_large
	tests/test_malloc_too_large
	tests/test_malloc_zero
	tests/test_multi_malloc
	tests/test_out_of_ram
	tests/test_random
	tests/test_random_sizes
	tests/test_simple1
	tests/test_simple2
	tests/test_simple3
	tests/test_simple4
	tests/test_simple5
	tests/test_simple6
	tests/test_split
	tests/test_verify
	tests/test_very_large

nothing added to commit but untracked files present (use "git add" to track)
M	myMalloc.c
Your branch is up to date with 'origin/master'.
[master 715f847] Commit
 Committer: Tru Trong Bui Jr <bui46@data.cs.purdue.edu>
Your name and email address were configured automatically based
on your username and hostname. Please check that they are accurate.
You can suppress this message by setting them explicitly. Run the
following command and follow the instructions in your editor to edit
your configuration file:

    git config --global --edit

After doing this, you may fix the identity used for this commit with:

    git commit --amend --reset-author

 1 file changed, 7 insertions(+), 4 deletions(-)
Your branch is up to date with 'origin/master'.
On branch master
Your branch is up to date with 'origin/master'.

Untracked files:
  (use "git add <file>..." to include in what will be committed)
	.local.git.out
	.myMalloc.c.swp
	examples/composite_ex
	examples/constructor_ex
	tests/test_all_lists
	tests/test_coalesce_chunk_coalesce
	tests/test_coalesce_chunk_insert
	tests/test_corrupted_canary
	tests/test_double_free
	tests/test_exact
	tests/test_free_both
	tests/test_free_even
	tests/test_free_insert
	tests/test_free_left
	tests/test_free_null
	tests/test_free_odd
	tests/test_free_right
	tests/test_insert_chunk
	tests/test_large
	tests/test_locks
	tests/test_malloc_large
	tests/test_malloc_too_large
	tests/test_malloc_zero
	tests/test_multi_malloc
	tests/test_out_of_ram
	tests/test_random
	tests/test_random_sizes
	tests/test_simple1
	tests/test_simple2
	tests/test_simple3
	tests/test_simple4
	tests/test_simple5
	tests/test_simple6
	tests/test_split
	tests/test_verify
	tests/test_very_large

nothing added to commit but untracked files present (use "git add" to track)
M	myMalloc.c
Your branch is up to date with 'origin/master'.
[master 8be39ad] Commit
 Committer: Tru Trong Bui Jr <bui46@data.cs.purdue.edu>
Your name and email address were configured automatically based
on your username and hostname. Please check that they are accurate.
You can suppress this message by setting them explicitly. Run the
following command and follow the instructions in your editor to edit
your configuration file:

    git config --global --edit

After doing this, you may fix the identity used for this commit with:

    git commit --amend --reset-author

 1 file changed, 10 insertions(+), 7 deletions(-)
Your branch is up to date with 'origin/master'.
On branch master
Your branch is up to date with 'origin/master'.

Untracked files:
  (use "git add <file>..." to include in what will be committed)
	.local.git.out
	.myMalloc.c.swp
	examples/composite_ex
	examples/constructor_ex
	tests/test_all_lists
	tests/test_coalesce_chunk_coalesce
	tests/test_coalesce_chunk_insert
	tests/test_corrupted_canary
	tests/test_double_free
	tests/test_exact
	tests/test_free_both
	tests/test_free_even
	tests/test_free_insert
	tests/test_free_left
	tests/test_free_null
	tests/test_free_odd
	tests/test_free_right
	tests/test_insert_chunk
	tests/test_large
	tests/test_locks
	tests/test_malloc_large
	tests/test_malloc_too_large
	tests/test_malloc_zero
	tests/test_multi_malloc
	tests/test_out_of_ram
	tests/test_random
	tests/test_random_sizes
	tests/test_simple0
	tests/test_simple1
	tests/test_simple2
	tests/test_simple3
	tests/test_simple4
	tests/test_simple5
	tests/test_simple6
	tests/test_split
	tests/test_verify
	tests/test_very_large

nothing added to commit but untracked files present (use "git add" to track)
M	myMalloc.c
Your branch is up to date with 'origin/master'.
[master 04b1e62] Commit
 Committer: Tru Trong Bui Jr <bui46@data.cs.purdue.edu>
Your name and email address were configured automatically based
on your username and hostname. Please check that they are accurate.
You can suppress this message by setting them explicitly. Run the
following command and follow the instructions in your editor to edit
your configuration file:

    git config --global --edit

After doing this, you may fix the identity used for this commit with:

    git commit --amend --reset-author

 1 file changed, 8 insertions(+), 1 deletion(-)
M	myMalloc.c
Your branch is up to date with 'origin/master'.
[master 2a9f1ee] Commit
 Committer: Tru Trong Bui Jr <bui46@data.cs.purdue.edu>
Your name and email address were configured automatically based
on your username and hostname. Please check that they are accurate.
You can suppress this message by setting them explicitly. Run the
following command and follow the instructions in your editor to edit
your configuration file:

    git config --global --edit

After doing this, you may fix the identity used for this commit with:

    git commit --amend --reset-author

 1 file changed, 3 insertions(+), 1 deletion(-)
M	myMalloc.c
Your branch is up to date with 'origin/master'.
[master a427d45] Commit
 Committer: Tru Trong Bui Jr <bui46@data.cs.purdue.edu>
Your name and email address were configured automatically based
on your username and hostname. Please check that they are accurate.
You can suppress this message by setting them explicitly. Run the
following command and follow the instructions in your editor to edit
your configuration file:

    git config --global --edit

After doing this, you may fix the identity used for this commit with:

    git commit --amend --reset-author

 1 file changed, 3 insertions(+), 3 deletions(-)
Your branch is up to date with 'origin/master'.
On branch master
Your branch is up to date with 'origin/master'.

Untracked files:
  (use "git add <file>..." to include in what will be committed)
	.local.git.out
	.myMalloc.c.swp
	examples/composite_ex
	examples/constructor_ex
	tests/test_all_lists
	tests/test_coalesce_chunk_coalesce
	tests/test_coalesce_chunk_insert
	tests/test_corrupted_canary
	tests/test_double_free
	tests/test_exact
	tests/test_free_both
	tests/test_free_even
	tests/test_free_insert
	tests/test_free_left
	tests/test_free_null
	tests/test_free_odd
	tests/test_free_right
	tests/test_insert_chunk
	tests/test_large
	tests/test_locks
	tests/test_malloc_large
	tests/test_malloc_too_large
	tests/test_malloc_zero
	tests/test_multi_malloc
	tests/test_out_of_ram
	tests/test_random
	tests/test_random_sizes
	tests/test_simple0
	tests/test_simple1
	tests/test_simple2
	tests/test_simple3
	tests/test_simple4
	tests/test_simple5
	tests/test_simple6
	tests/test_split
	tests/test_verify
	tests/test_very_large

nothing added to commit but untracked files present (use "git add" to track)
M	myMalloc.c
Your branch is up to date with 'origin/master'.
[master e890beb] Commit
 Committer: Tru Trong Bui Jr <bui46@data.cs.purdue.edu>
Your name and email address were configured automatically based
on your username and hostname. Please check that they are accurate.
You can suppress this message by setting them explicitly. Run the
following command and follow the instructions in your editor to edit
your configuration file:

    git config --global --edit

After doing this, you may fix the identity used for this commit with:

    git commit --amend --reset-author

 1 file changed, 3 insertions(+), 3 deletions(-)
M	myMalloc.c
Your branch is up to date with 'origin/master'.
[master c6f50fd] Commit
 Committer: Tru Trong Bui Jr <bui46@data.cs.purdue.edu>
Your name and email address were configured automatically based
on your username and hostname. Please check that they are accurate.
You can suppress this message by setting them explicitly. Run the
following command and follow the instructions in your editor to edit
your configuration file:

    git config --global --edit

After doing this, you may fix the identity used for this commit with:

    git commit --amend --reset-author

 1 file changed, 1 insertion(+), 1 deletion(-)
M	myMalloc.c
Your branch is up to date with 'origin/master'.
[master ea19884] Commit
 Committer: Tru Trong Bui Jr <bui46@data.cs.purdue.edu>
Your name and email address were configured automatically based
on your username and hostname. Please check that they are accurate.
You can suppress this message by setting them explicitly. Run the
following command and follow the instructions in your editor to edit
your configuration file:

    git config --global --edit

After doing this, you may fix the identity used for this commit with:

    git commit --amend --reset-author

 1 file changed, 2 insertions(+), 1 deletion(-)
D	myMalloc.c
Your branch is up to date with 'origin/master'.
[master 6ef3dce] Commit
 Committer: Tru Trong Bui Jr <bui46@data.cs.purdue.edu>
Your name and email address were configured automatically based
on your username and hostname. Please check that they are accurate.
You can suppress this message by setting them explicitly. Run the
following command and follow the instructions in your editor to edit
your configuration file:

    git config --global --edit

After doing this, you may fix the identity used for this commit with:

    git commit --amend --reset-author

 1 file changed, 1 insertion(+), 1 deletion(-)
Your branch is up to date with 'origin/master'.
On branch master
Your branch is up to date with 'origin/master'.

Untracked files:
  (use "git add <file>..." to include in what will be committed)
	.local.git.out
	.myMalloc.c.swp
	examples/composite_ex
	examples/constructor_ex
	tests/test_all_lists
	tests/test_coalesce_chunk_coalesce
	tests/test_coalesce_chunk_insert
	tests/test_corrupted_canary
	tests/test_double_free
	tests/test_exact
	tests/test_free_both
	tests/test_free_even
	tests/test_free_insert
	tests/test_free_left
	tests/test_free_null
	tests/test_free_odd
	tests/test_free_right
	tests/test_insert_chunk
	tests/test_large
	tests/test_locks
	tests/test_malloc_large
	tests/test_malloc_too_large
	tests/test_malloc_zero
	tests/test_multi_malloc
	tests/test_out_of_ram
	tests/test_random
	tests/test_random_sizes
	tests/test_simple0
	tests/test_simple1
	tests/test_simple2
	tests/test_simple3
	tests/test_simple4
	tests/test_simple5
	tests/test_simple6
	tests/test_split
	tests/test_verify
	tests/test_very_large

nothing added to commit but untracked files present (use "git add" to track)
Your branch is up to date with 'origin/master'.
On branch master
Your branch is up to date with 'origin/master'.

Untracked files:
  (use "git add <file>..." to include in what will be committed)
	.local.git.out
	.myMalloc.c.swp
	examples/composite_ex
	examples/constructor_ex
	tests/test_all_lists
	tests/test_coalesce_chunk_coalesce
	tests/test_coalesce_chunk_insert
	tests/test_corrupted_canary
	tests/test_double_free
	tests/test_exact
	tests/test_free_both
	tests/test_free_even
	tests/test_free_insert
	tests/test_free_left
	tests/test_free_null
	tests/test_free_odd
	tests/test_free_right
	tests/test_insert_chunk
	tests/test_large
	tests/test_locks
	tests/test_malloc_large
	tests/test_malloc_too_large
	tests/test_malloc_zero
	tests/test_multi_malloc
	tests/test_out_of_ram
	tests/test_random
	tests/test_random_sizes
	tests/test_simple0
	tests/test_simple1
	tests/test_simple2
	tests/test_simple3
	tests/test_simple4
	tests/test_simple5
	tests/test_simple6
	tests/test_split
	tests/test_verify
	tests/test_very_large

nothing added to commit but untracked files present (use "git add" to track)
M	myMalloc.c
Your branch is up to date with 'origin/master'.
[master f8c8dac] Commit
 Committer: Tru Trong Bui Jr <bui46@data.cs.purdue.edu>
Your name and email address were configured automatically based
on your username and hostname. Please check that they are accurate.
You can suppress this message by setting them explicitly. Run the
following command and follow the instructions in your editor to edit
your configuration file:

    git config --global --edit

After doing this, you may fix the identity used for this commit with:

    git commit --amend --reset-author

 1 file changed, 49 insertions(+), 6 deletions(-)
M	myMalloc.c
Your branch is up to date with 'origin/master'.
[master 0425450] Commit
 Committer: Tru Trong Bui Jr <bui46@data.cs.purdue.edu>
Your name and email address were configured automatically based
on your username and hostname. Please check that they are accurate.
You can suppress this message by setting them explicitly. Run the
following command and follow the instructions in your editor to edit
your configuration file:

    git config --global --edit

After doing this, you may fix the identity used for this commit with:

    git commit --amend --reset-author

 1 file changed, 4 insertions(+), 4 deletions(-)
M	myMalloc.c
Your branch is up to date with 'origin/master'.
[master b9bd963] Commit
 Committer: Tru Trong Bui Jr <bui46@data.cs.purdue.edu>
Your name and email address were configured automatically based
on your username and hostname. Please check that they are accurate.
You can suppress this message by setting them explicitly. Run the
following command and follow the instructions in your editor to edit
your configuration file:

    git config --global --edit

After doing this, you may fix the identity used for this commit with:

    git commit --amend --reset-author

 1 file changed, 4 insertions(+), 3 deletions(-)
M	myMalloc.c
Your branch is up to date with 'origin/master'.
[master 74c6e4f] Commit
 Committer: Tru Trong Bui Jr <bui46@data.cs.purdue.edu>
Your name and email address were configured automatically based
on your username and hostname. Please check that they are accurate.
You can suppress this message by setting them explicitly. Run the
following command and follow the instructions in your editor to edit
your configuration file:

    git config --global --edit

After doing this, you may fix the identity used for this commit with:

    git commit --amend --reset-author

 1 file changed, 2 deletions(-)
M	myMalloc.c
Your branch is up to date with 'origin/master'.
[master df654f5] Commit
 Committer: Tru Trong Bui Jr <bui46@data.cs.purdue.edu>
Your name and email address were configured automatically based
on your username and hostname. Please check that they are accurate.
You can suppress this message by setting them explicitly. Run the
following command and follow the instructions in your editor to edit
your configuration file:

    git config --global --edit

After doing this, you may fix the identity used for this commit with:

    git commit --amend --reset-author

 1 file changed, 65 insertions(+), 6 deletions(-)
Your branch is up to date with 'origin/master'.
On branch master
Your branch is up to date with 'origin/master'.

Untracked files:
  (use "git add <file>..." to include in what will be committed)
	.local.git.out
	.myMalloc.c.swp
	examples/composite_ex
	examples/constructor_ex
	tests/test_all_lists
	tests/test_coalesce_chunk_coalesce
	tests/test_coalesce_chunk_insert
	tests/test_corrupted_canary
	tests/test_double_free
	tests/test_exact
	tests/test_free_both
	tests/test_free_even
	tests/test_free_insert
	tests/test_free_left
	tests/test_free_null
	tests/test_free_odd
	tests/test_free_right
	tests/test_insert_chunk
	tests/test_large
	tests/test_locks
	tests/test_malloc_large
	tests/test_malloc_too_large
	tests/test_malloc_zero
	tests/test_multi_malloc
	tests/test_out_of_ram
	tests/test_random
	tests/test_random_sizes
	tests/test_simple0
	tests/test_simple1
	tests/test_simple2
	tests/test_simple3
	tests/test_simple4
	tests/test_simple5
	tests/test_simple6
	tests/test_split
	tests/test_verify
	tests/test_very_large

nothing added to commit but untracked files present (use "git add" to track)
M	myMalloc.c
Your branch is up to date with 'origin/master'.
[master d9d7c74] Commit
 Committer: Tru Trong Bui Jr <bui46@data.cs.purdue.edu>
Your name and email address were configured automatically based
on your username and hostname. Please check that they are accurate.
You can suppress this message by setting them explicitly. Run the
following command and follow the instructions in your editor to edit
your configuration file:

    git config --global --edit

After doing this, you may fix the identity used for this commit with:

    git commit --amend --reset-author

 1 file changed, 2 insertions(+), 2 deletions(-)
Your branch is up to date with 'origin/master'.
On branch master
Your branch is up to date with 'origin/master'.

Untracked files:
  (use "git add <file>..." to include in what will be committed)
	.local.git.out
	.myMalloc.c.swp
	examples/composite_ex
	examples/constructor_ex
	tests/test_all_lists
	tests/test_coalesce_chunk_coalesce
	tests/test_coalesce_chunk_insert
	tests/test_corrupted_canary
	tests/test_double_free
	tests/test_exact
	tests/test_free_both
	tests/test_free_even
	tests/test_free_insert
	tests/test_free_left
	tests/test_free_null
	tests/test_free_odd
	tests/test_free_right
	tests/test_insert_chunk
	tests/test_large
	tests/test_locks
	tests/test_malloc_large
	tests/test_malloc_too_large
	tests/test_malloc_zero
	tests/test_multi_malloc
	tests/test_out_of_ram
	tests/test_random
	tests/test_random_sizes
	tests/test_simple0
	tests/test_simple1
	tests/test_simple2
	tests/test_simple3
	tests/test_simple4
	tests/test_simple5
	tests/test_simple6
	tests/test_split
	tests/test_verify
	tests/test_very_large

nothing added to commit but untracked files present (use "git add" to track)
M	myMalloc.c
Your branch is up to date with 'origin/master'.
[master 5732b35] Commit
 Committer: Tru Trong Bui Jr <bui46@data.cs.purdue.edu>
Your name and email address were configured automatically based
on your username and hostname. Please check that they are accurate.
You can suppress this message by setting them explicitly. Run the
following command and follow the instructions in your editor to edit
your configuration file:

    git config --global --edit

After doing this, you may fix the identity used for this commit with:

    git commit --amend --reset-author

 1 file changed, 4 insertions(+), 53 deletions(-)
Your branch is up to date with 'origin/master'.
On branch master
Your branch is up to date with 'origin/master'.

Untracked files:
  (use "git add <file>..." to include in what will be committed)
	.local.git.out
	.myMalloc.c.swp
	examples/composite_ex
	examples/constructor_ex
	tests/test_all_lists
	tests/test_coalesce_chunk_coalesce
	tests/test_coalesce_chunk_insert
	tests/test_corrupted_canary
	tests/test_double_free
	tests/test_exact
	tests/test_free_both
	tests/test_free_even
	tests/test_free_insert
	tests/test_free_left
	tests/test_free_null
	tests/test_free_odd
	tests/test_free_right
	tests/test_insert_chunk
	tests/test_large
	tests/test_locks
	tests/test_malloc_large
	tests/test_malloc_too_large
	tests/test_malloc_zero
	tests/test_multi_malloc
	tests/test_out_of_ram
	tests/test_random
	tests/test_random_sizes
	tests/test_simple0
	tests/test_simple1
	tests/test_simple2
	tests/test_simple3
	tests/test_simple4
	tests/test_simple5
	tests/test_simple6
	tests/test_split
	tests/test_verify
	tests/test_very_large

nothing added to commit but untracked files present (use "git add" to track)
M	myMalloc.c
Your branch is up to date with 'origin/master'.
[master afe9638] Commit
 Committer: Tru Trong Bui Jr <bui46@data.cs.purdue.edu>
Your name and email address were configured automatically based
on your username and hostname. Please check that they are accurate.
You can suppress this message by setting them explicitly. Run the
following command and follow the instructions in your editor to edit
your configuration file:

    git config --global --edit

After doing this, you may fix the identity used for this commit with:

    git commit --amend --reset-author

 1 file changed, 1 insertion(+), 1 deletion(-)
Your branch is up to date with 'origin/master'.
On branch master
Your branch is up to date with 'origin/master'.

Untracked files:
  (use "git add <file>..." to include in what will be committed)
	.local.git.out
	.myMalloc.c.swp
	examples/composite_ex
	examples/constructor_ex
	tests/test_all_lists
	tests/test_coalesce_chunk_coalesce
	tests/test_coalesce_chunk_insert
	tests/test_corrupted_canary
	tests/test_double_free
	tests/test_exact
	tests/test_free_both
	tests/test_free_even
	tests/test_free_insert
	tests/test_free_left
	tests/test_free_null
	tests/test_free_odd
	tests/test_free_right
	tests/test_insert_chunk
	tests/test_large
	tests/test_locks
	tests/test_malloc_large
	tests/test_malloc_too_large
	tests/test_malloc_zero
	tests/test_multi_malloc
	tests/test_out_of_ram
	tests/test_random
	tests/test_random_sizes
	tests/test_simple0
	tests/test_simple1
	tests/test_simple2
	tests/test_simple3
	tests/test_simple4
	tests/test_simple5
	tests/test_simple6
	tests/test_split
	tests/test_verify
	tests/test_very_large

nothing added to commit but untracked files present (use "git add" to track)
Your branch is up to date with 'origin/master'.
On branch master
Your branch is up to date with 'origin/master'.

Untracked files:
  (use "git add <file>..." to include in what will be committed)
	.local.git.out
	.myMalloc.c.swp
	examples/composite_ex
	examples/constructor_ex
	tests/test_all_lists
	tests/test_coalesce_chunk_coalesce
	tests/test_coalesce_chunk_insert
	tests/test_corrupted_canary
	tests/test_double_free
	tests/test_exact
	tests/test_free_both
	tests/test_free_even
	tests/test_free_insert
	tests/test_free_left
	tests/test_free_null
	tests/test_free_odd
	tests/test_free_right
	tests/test_insert_chunk
	tests/test_large
	tests/test_locks
	tests/test_malloc_large
	tests/test_malloc_too_large
	tests/test_malloc_zero
	tests/test_multi_malloc
	tests/test_out_of_ram
	tests/test_random
	tests/test_random_sizes
	tests/test_simple0
	tests/test_simple1
	tests/test_simple2
	tests/test_simple3
	tests/test_simple4
	tests/test_simple5
	tests/test_simple6
	tests/test_split
	tests/test_verify
	tests/test_very_large

nothing added to commit but untracked files present (use "git add" to track)
M	myMalloc.c
Your branch is up to date with 'origin/master'.
[master a75f54f] Commit
 Committer: Tru Trong Bui Jr <bui46@data.cs.purdue.edu>
Your name and email address were configured automatically based
on your username and hostname. Please check that they are accurate.
You can suppress this message by setting them explicitly. Run the
following command and follow the instructions in your editor to edit
your configuration file:

    git config --global --edit

After doing this, you may fix the identity used for this commit with:

    git commit --amend --reset-author

 1 file changed, 1 insertion(+), 1 deletion(-)
M	myMalloc.c
Your branch is up to date with 'origin/master'.
[master 51bfc93] Commit
 Committer: Tru Trong Bui Jr <bui46@data.cs.purdue.edu>
Your name and email address were configured automatically based
on your username and hostname. Please check that they are accurate.
You can suppress this message by setting them explicitly. Run the
following command and follow the instructions in your editor to edit
your configuration file:

    git config --global --edit

After doing this, you may fix the identity used for this commit with:

    git commit --amend --reset-author

 1 file changed, 1 insertion(+), 1 deletion(-)
M	myMalloc.c
Your branch is up to date with 'origin/master'.
[master 28636df] Commit
 Committer: Tru Trong Bui Jr <bui46@data.cs.purdue.edu>
Your name and email address were configured automatically based
on your username and hostname. Please check that they are accurate.
You can suppress this message by setting them explicitly. Run the
following command and follow the instructions in your editor to edit
your configuration file:

    git config --global --edit

After doing this, you may fix the identity used for this commit with:

    git commit --amend --reset-author

 1 file changed, 4 insertions(+), 1 deletion(-)
M	myMalloc.c
Your branch is up to date with 'origin/master'.
[master 33c3eff] Commit
 Committer: Tru Trong Bui Jr <bui46@data.cs.purdue.edu>
Your name and email address were configured automatically based
on your username and hostname. Please check that they are accurate.
You can suppress this message by setting them explicitly. Run the
following command and follow the instructions in your editor to edit
your configuration file:

    git config --global --edit

After doing this, you may fix the identity used for this commit with:

    git commit --amend --reset-author

 1 file changed, 6 insertions(+), 1 deletion(-)
M	myMalloc.c
Your branch is up to date with 'origin/master'.
[master 711417b] Commit
 Committer: Tru Trong Bui Jr <bui46@data.cs.purdue.edu>
Your name and email address were configured automatically based
on your username and hostname. Please check that they are accurate.
You can suppress this message by setting them explicitly. Run the
following command and follow the instructions in your editor to edit
your configuration file:

    git config --global --edit

After doing this, you may fix the identity used for this commit with:

    git commit --amend --reset-author

 1 file changed, 1 insertion(+), 1 deletion(-)
M	tests/Makefile
Your branch is up to date with 'origin/master'.
[master a7b042f] Commit
 Committer: Tru Trong Bui Jr <bui46@data.cs.purdue.edu>
Your name and email address were configured automatically based
on your username and hostname. Please check that they are accurate.
You can suppress this message by setting them explicitly. Run the
following command and follow the instructions in your editor to edit
your configuration file:

    git config --global --edit

After doing this, you may fix the identity used for this commit with:

    git commit --amend --reset-author

 1 file changed, 1 insertion(+), 1 deletion(-)
Your branch is up to date with 'origin/master'.
On branch master
Your branch is up to date with 'origin/master'.

Untracked files:
  (use "git add <file>..." to include in what will be committed)
	.local.git.out
	.myMalloc.c.swp
	examples/composite_ex
	examples/constructor_ex
	tests/.nfs0000000001b77ef100002dbe
	tests/test_all_lists
	tests/test_coalesce_chunk_coalesce
	tests/test_coalesce_chunk_insert
	tests/test_corrupted_canary
	tests/test_double_free
	tests/test_exact
	tests/test_free_both
	tests/test_free_even
	tests/test_free_insert
	tests/test_free_left
	tests/test_free_null
	tests/test_free_odd
	tests/test_free_right
	tests/test_insert_chunk
	tests/test_large
	tests/test_locks
	tests/test_malloc_large
	tests/test_malloc_too_large
	tests/test_malloc_zero
	tests/test_multi_malloc
	tests/test_out_of_ram
	tests/test_random
	tests/test_random_sizes
	tests/test_simple0
	tests/test_simple1
	tests/test_simple2
	tests/test_simple3
	tests/test_simple4
	tests/test_simple6
	tests/test_split
	tests/test_verify
	tests/test_very_large

nothing added to commit but untracked files present (use "git add" to track)
M	myMalloc.c
Your branch is up to date with 'origin/master'.
[master 2046c14] Commit
 Committer: Tru Trong Bui Jr <bui46@data.cs.purdue.edu>
Your name and email address were configured automatically based
on your username and hostname. Please check that they are accurate.
You can suppress this message by setting them explicitly. Run the
following command and follow the instructions in your editor to edit
your configuration file:

    git config --global --edit

After doing this, you may fix the identity used for this commit with:

    git commit --amend --reset-author

 1 file changed, 1 insertion(+), 1 deletion(-)
M	myMalloc.c
Your branch is up to date with 'origin/master'.
[master e9901f7] Commit
 Committer: Tru Trong Bui Jr <bui46@data.cs.purdue.edu>
Your name and email address were configured automatically based
on your username and hostname. Please check that they are accurate.
You can suppress this message by setting them explicitly. Run the
following command and follow the instructions in your editor to edit
your configuration file:

    git config --global --edit

After doing this, you may fix the identity used for this commit with:

    git commit --amend --reset-author

 1 file changed, 1 insertion(+), 1 deletion(-)
M	myMalloc.c
Your branch is up to date with 'origin/master'.
[master d57436b] Commit
 Committer: Tru Trong Bui Jr <bui46@data.cs.purdue.edu>
Your name and email address were configured automatically based
on your username and hostname. Please check that they are accurate.
You can suppress this message by setting them explicitly. Run the
following command and follow the instructions in your editor to edit
your configuration file:

    git config --global --edit

After doing this, you may fix the identity used for this commit with:

    git commit --amend --reset-author

 1 file changed, 4 insertions(+), 4 deletions(-)
M	myMalloc.c
Your branch is up to date with 'origin/master'.
[master a59669e] Commit
 Committer: Tru Trong Bui Jr <bui46@data.cs.purdue.edu>
Your name and email address were configured automatically based
on your username and hostname. Please check that they are accurate.
You can suppress this message by setting them explicitly. Run the
following command and follow the instructions in your editor to edit
your configuration file:

    git config --global --edit

After doing this, you may fix the identity used for this commit with:

    git commit --amend --reset-author

 1 file changed, 1 insertion(+), 1 deletion(-)
M	myMalloc.c
Your branch is up to date with 'origin/master'.
[master 6a3f738] Commit
 Committer: Tru Trong Bui Jr <bui46@data.cs.purdue.edu>
Your name and email address were configured automatically based
on your username and hostname. Please check that they are accurate.
You can suppress this message by setting them explicitly. Run the
following command and follow the instructions in your editor to edit
your configuration file:

    git config --global --edit

After doing this, you may fix the identity used for this commit with:

    git commit --amend --reset-author

 1 file changed, 1 insertion(+)
M	myMalloc.c
Your branch is up to date with 'origin/master'.
[master c4c9ae7] Commit
 Committer: Tru Trong Bui Jr <bui46@data.cs.purdue.edu>
Your name and email address were configured automatically based
on your username and hostname. Please check that they are accurate.
You can suppress this message by setting them explicitly. Run the
following command and follow the instructions in your editor to edit
your configuration file:

    git config --global --edit

After doing this, you may fix the identity used for this commit with:

    git commit --amend --reset-author

 1 file changed, 3 insertions(+), 8 deletions(-)
M	myMalloc.c
Your branch is up to date with 'origin/master'.
[master 8128e9e] Commit
 Committer: Tru Trong Bui Jr <bui46@data.cs.purdue.edu>
Your name and email address were configured automatically based
on your username and hostname. Please check that they are accurate.
You can suppress this message by setting them explicitly. Run the
following command and follow the instructions in your editor to edit
your configuration file:

    git config --global --edit

After doing this, you may fix the identity used for this commit with:

    git commit --amend --reset-author

 1 file changed, 36 insertions(+), 25 deletions(-)
Your branch is up to date with 'origin/master'.
On branch master
Your branch is up to date with 'origin/master'.

Untracked files:
  (use "git add <file>..." to include in what will be committed)
	.local.git.out
	.myMalloc.c.swp
	examples/composite_ex
	examples/constructor_ex
	tests/test_all_lists
	tests/test_coalesce_chunk_coalesce
	tests/test_coalesce_chunk_insert
	tests/test_corrupted_canary
	tests/test_double_free
	tests/test_exact
	tests/test_free_both
	tests/test_free_even
	tests/test_free_insert
	tests/test_free_left
	tests/test_free_null
	tests/test_free_odd
	tests/test_free_right
	tests/test_insert_chunk
	tests/test_large
	tests/test_locks
	tests/test_malloc_large
	tests/test_malloc_too_large
	tests/test_malloc_zero
	tests/test_multi_malloc
	tests/test_out_of_ram
	tests/test_random
	tests/test_random_sizes
	tests/test_simple0
	tests/test_simple1
	tests/test_simple2
	tests/test_simple3
	tests/test_simple4
	tests/test_simple5
	tests/test_simple6
	tests/test_split
	tests/test_verify
	tests/test_very_large

nothing added to commit but untracked files present (use "git add" to track)
M	myMalloc.c
Your branch is up to date with 'origin/master'.
[master 41b3ee9] Commit
 Committer: Tru Trong Bui Jr <bui46@data.cs.purdue.edu>
Your name and email address were configured automatically based
on your username and hostname. Please check that they are accurate.
You can suppress this message by setting them explicitly. Run the
following command and follow the instructions in your editor to edit
your configuration file:

    git config --global --edit

After doing this, you may fix the identity used for this commit with:

    git commit --amend --reset-author

 1 file changed, 5 insertions(+), 15 deletions(-)
Your branch is up to date with 'origin/master'.
On branch master
Your branch is up to date with 'origin/master'.

Untracked files:
  (use "git add <file>..." to include in what will be committed)
	.local.git.out
	.myMalloc.c.swp
	examples/composite_ex
	examples/constructor_ex
	tests/test_all_lists
	tests/test_coalesce_chunk_coalesce
	tests/test_coalesce_chunk_insert
	tests/test_corrupted_canary
	tests/test_double_free
	tests/test_exact
	tests/test_free_both
	tests/test_free_even
	tests/test_free_insert
	tests/test_free_left
	tests/test_free_null
	tests/test_free_odd
	tests/test_free_right
	tests/test_insert_chunk
	tests/test_large
	tests/test_locks
	tests/test_malloc_large
	tests/test_malloc_too_large
	tests/test_malloc_zero
	tests/test_multi_malloc
	tests/test_out_of_ram
	tests/test_random
	tests/test_random_sizes
	tests/test_simple0
	tests/test_simple1
	tests/test_simple2
	tests/test_simple3
	tests/test_simple4
	tests/test_simple5
	tests/test_simple6
	tests/test_split
	tests/test_verify
	tests/test_very_large

nothing added to commit but untracked files present (use "git add" to track)
M	myMalloc.c
Your branch is up to date with 'origin/master'.
[master e80ffd6] Commit
 Committer: Tru Trong Bui Jr <bui46@data.cs.purdue.edu>
Your name and email address were configured automatically based
on your username and hostname. Please check that they are accurate.
You can suppress this message by setting them explicitly. Run the
following command and follow the instructions in your editor to edit
your configuration file:

    git config --global --edit

After doing this, you may fix the identity used for this commit with:

    git commit --amend --reset-author

 1 file changed, 4 insertions(+), 3 deletions(-)
Your branch is up to date with 'origin/master'.
On branch master
Your branch is up to date with 'origin/master'.

Untracked files:
  (use "git add <file>..." to include in what will be committed)
	.local.git.out
	.myMalloc.c.swp
	examples/composite_ex
	examples/constructor_ex
	tests/test_all_lists
	tests/test_coalesce_chunk_coalesce
	tests/test_coalesce_chunk_insert
	tests/test_corrupted_canary
	tests/test_double_free
	tests/test_exact
	tests/test_free_both
	tests/test_free_even
	tests/test_free_insert
	tests/test_free_left
	tests/test_free_null
	tests/test_free_odd
	tests/test_free_right
	tests/test_insert_chunk
	tests/test_large
	tests/test_locks
	tests/test_malloc_large
	tests/test_malloc_too_large
	tests/test_malloc_zero
	tests/test_multi_malloc
	tests/test_out_of_ram
	tests/test_random
	tests/test_random_sizes
	tests/test_simple0
	tests/test_simple1
	tests/test_simple2
	tests/test_simple3
	tests/test_simple4
	tests/test_simple5
	tests/test_simple6
	tests/test_split
	tests/test_verify
	tests/test_very_large

nothing added to commit but untracked files present (use "git add" to track)
Your branch is up to date with 'origin/master'.
On branch master
Your branch is up to date with 'origin/master'.

Untracked files:
  (use "git add <file>..." to include in what will be committed)
	.local.git.out
	.myMalloc.c.swp
	examples/composite_ex
	examples/constructor_ex
	tests/test_all_lists
	tests/test_coalesce_chunk_coalesce
	tests/test_coalesce_chunk_insert
	tests/test_corrupted_canary
	tests/test_double_free
	tests/test_exact
	tests/test_free_both
	tests/test_free_even
	tests/test_free_insert
	tests/test_free_left
	tests/test_free_null
	tests/test_free_odd
	tests/test_free_right
	tests/test_insert_chunk
	tests/test_large
	tests/test_locks
	tests/test_malloc_large
	tests/test_malloc_too_large
	tests/test_malloc_zero
	tests/test_multi_malloc
	tests/test_out_of_ram
	tests/test_random
	tests/test_random_sizes
	tests/test_simple0
	tests/test_simple1
	tests/test_simple2
	tests/test_simple3
	tests/test_simple4
	tests/test_simple5
	tests/test_simple6
	tests/test_split
	tests/test_verify
	tests/test_very_large

nothing added to commit but untracked files present (use "git add" to track)
M	myMalloc.c
Your branch is up to date with 'origin/master'.
[master 4f3eb73] Commit
 Committer: Tru Trong Bui Jr <bui46@data.cs.purdue.edu>
Your name and email address were configured automatically based
on your username and hostname. Please check that they are accurate.
You can suppress this message by setting them explicitly. Run the
following command and follow the instructions in your editor to edit
your configuration file:

    git config --global --edit

After doing this, you may fix the identity used for this commit with:

    git commit --amend --reset-author

 1 file changed, 4 deletions(-)
M	myMalloc.c
Your branch is up to date with 'origin/master'.
[master e081ac9] Commit
 Committer: Tru Trong Bui Jr <bui46@data.cs.purdue.edu>
Your name and email address were configured automatically based
on your username and hostname. Please check that they are accurate.
You can suppress this message by setting them explicitly. Run the
following command and follow the instructions in your editor to edit
your configuration file:

    git config --global --edit

After doing this, you may fix the identity used for this commit with:

    git commit --amend --reset-author

 1 file changed, 1 insertion(+), 2 deletions(-)
Your branch is up to date with 'origin/master'.
On branch master
Your branch is up to date with 'origin/master'.

Untracked files:
  (use "git add <file>..." to include in what will be committed)
	.local.git.out
	.nfs0000000001b77f9f000034fa
	.nfs0000000003ac75f7000034f2
	tests/.nfs0000000001b7785e000034fc

nothing added to commit but untracked files present (use "git add" to track)
Your branch is up to date with 'origin/master'.
On branch master
Your branch is up to date with 'origin/master'.

Untracked files:
  (use "git add <file>..." to include in what will be committed)
	.local.git.out
	.nfs0000000001b77f9f000034fa
	.nfs0000000003ac75f7000034f2
	tests/.nfs0000000001b7785e000034fc

nothing added to commit but untracked files present (use "git add" to track)
M	myMalloc.c
D	tests/.nfs0000000001b7785e000034fc
Your branch is up to date with 'origin/master'.
[master 68e1bc7] Commit
 Committer: Tru Trong Bui Jr <bui46@data.cs.purdue.edu>
Your name and email address were configured automatically based
on your username and hostname. Please check that they are accurate.
You can suppress this message by setting them explicitly. Run the
following command and follow the instructions in your editor to edit
your configuration file:

    git config --global --edit

After doing this, you may fix the identity used for this commit with:

    git commit --amend --reset-author

 3 files changed, 8 insertions(+), 2 deletions(-)
 delete mode 100755 tests/.nfs0000000001b7785e000034fc
M	.local.git.out
Your branch is up to date with 'origin/master'.
[master 8a505da] Commit
 Committer: Tru Trong Bui Jr <bui46@data.cs.purdue.edu>
Your name and email address were configured automatically based
on your username and hostname. Please check that they are accurate.
You can suppress this message by setting them explicitly. Run the
following command and follow the instructions in your editor to edit
your configuration file:

    git config --global --edit

After doing this, you may fix the identity used for this commit with:

    git commit --amend --reset-author

 1 file changed, 18 insertions(+)
M	.local.git.out
D	.nfs0000000001b77f9f000034fa
D	.nfs0000000003ac75f7000034f2
M	myMalloc.c
M	tests/test_all_lists
M	tests/test_coalesce_chunk_coalesce
M	tests/test_coalesce_chunk_insert
M	tests/test_corrupted_canary
M	tests/test_double_free
M	tests/test_exact
M	tests/test_free_both
M	tests/test_free_even
M	tests/test_free_insert
M	tests/test_free_left
M	tests/test_free_null
M	tests/test_free_odd
M	tests/test_free_right
M	tests/test_insert_chunk
M	tests/test_large
M	tests/test_locks
M	tests/test_malloc_large
M	tests/test_malloc_too_large
M	tests/test_malloc_zero
M	tests/test_multi_malloc
M	tests/test_out_of_ram
M	tests/test_random
M	tests/test_random_sizes
M	tests/test_simple0
M	tests/test_simple1
M	tests/test_simple2
M	tests/test_simple3
M	tests/test_simple4
M	tests/test_simple5
M	tests/test_simple6
M	tests/test_split
M	tests/test_verify
M	tests/test_very_large
Your branch is up to date with 'origin/master'.
